eval_set,range,cut,baseline,n,sparsa_mean,baseline_mean,paired_delta,ci_low,ci_high
eval-denovo,all,AUC,marinfold-exp232-decontam-m2-p06-step145199,19,0.972200380549242,0.9637388263427876,0.008461554206454395,-0.0029309162142227923,0.02135028216107124
eval-denovo,all,AUC,marinfold-exp232-decontam-m1-p02-step145199,19,0.972200380549242,0.9657666094306936,0.006433771118548493,-0.00481074229007171,0.01951725958896476
eval-denovo,all,AUC,marinfold-exp199-cw-p06-cool-step290400,19,0.972200380549242,0.9668991432687107,0.005301237280531235,-0.0047573243810073475,0.01726419935344143
eval-denovo,all,L,marinfold-exp232-decontam-m2-p06-step145199,19,0.45514302553545877,0.5170273561240208,-0.06188433058856212,-0.10473432325710409,-0.024003312660198676
eval-denovo,all,L,marinfold-exp232-decontam-m1-p02-step145199,19,0.45514302553545877,0.5202582284306679,-0.06511520289520897,-0.10725803323000338,-0.023343710418306254
eval-denovo,all,L,marinfold-exp199-cw-p06-cool-step290400,19,0.45514302553545877,0.5329435695209775,-0.07780054398551868,-0.12312647522279835,-0.037077546622571234
eval-denovo,all,L/2,marinfold-exp232-decontam-m2-p06-step145199,19,0.629121479691625,0.6716998018908438,-0.04257832219921871,-0.0871215613521085,0.009196226173185652
eval-denovo,all,L/2,marinfold-exp232-decontam-m1-p02-step145199,19,0.629121479691625,0.6792731329048899,-0.05015165321326482,-0.10486366587832022,0.013703266791465659
eval-denovo,all,L/2,marinfold-exp199-cw-p06-cool-step290400,19,0.629121479691625,0.7101715910451293,-0.08105011135350436,-0.12671493791903168,-0.027675950322513892
eval-denovo,all,L/5,marinfold-exp232-decontam-m2-p06-step145199,19,0.7885057900598608,0.8111038396723359,-0.02259804961247521,-0.07679283035493606,0.03286055497346961
eval-denovo,all,L/5,marinfold-exp232-decontam-m1-p02-step145199,19,0.7885057900598608,0.8086870540120509,-0.020181263952190137,-0.06442453017996495,0.028707213518501598
eval-denovo,all,L/5,marinfold-exp199-cw-p06-cool-step290400,19,0.7885057900598608,0.849991560488971,-0.06148577042911039,-0.10736582891589393,-0.016380972443031442
eval-denovo,all,R,marinfold-exp232-decontam-m2-p06-step145199,19,0.5248949266051062,0.5913805855058719,-0.06648565890076567,-0.11392597801444602,-0.018260126552841538
eval-denovo,all,R,marinfold-exp232-decontam-m1-p02-step145199,19,0.5248949266051062,0.5878697377395716,-0.06297481113446546,-0.11071939715033013,-0.01222980899256576
eval-denovo,all,R,marinfold-exp199-cw-p06-cool-step290400,19,0.5248949266051062,0.6188362267155597,-0.09394130011045354,-0.14143344646600128,-0.04857092187268513
eval-denovo,long,AUC,marinfold-exp232-decontam-m2-p06-step145199,19,0.9609540812656355,0.9510462216543374,0.009907859611298031,-0.008145443045682585,0.028691162163374317
eval-denovo,long,AUC,marinfold-exp232-decontam-m1-p02-step145199,19,0.9609540812656355,0.9522777617997157,0.008676319465919898,-0.00822078220172546,0.026806774669850403
eval-denovo,long,AUC,marinfold-exp199-cw-p06-cool-step290400,19,0.9609540812656355,0.9553213531119651,0.005632728153670383,-0.011738952756784785,0.02270135032051505
eval-denovo,long,L,marinfold-exp232-decontam-m2-p06-step145199,19,0.3110005460928024,0.3549753929616026,-0.0439748468688001,-0.07383569095871942,-0.01650642607560097
eval-denovo,long,L,marinfold-exp232-decontam-m1-p02-step145199,19,0.3110005460928024,0.3619474166160092,-0.050946870523206796,-0.083332518954206,-0.019783127440505158
eval-denovo,long,L,marinfold-exp199-cw-p06-cool-step290400,19,0.3110005460928024,0.3609132960413365,-0.04991274994853405,-0.08679546826993613,-0.017924430522824424
eval-denovo,long,L/2,marinfold-exp232-decontam-m2-p06-step145199,19,0.4547814193091754,0.5092282394150175,-0.05444682010584193,-0.0998033592655856,-0.002214548124137896
eval-denovo,long,L/2,marinfold-exp232-decontam-m1-p02-step145199,19,0.4547814193091754,0.526421285227745,-0.07163986591856955,-0.11947505694614358,-0.023343913649420636
eval-denovo,long,L/2,marinfold-exp199-cw-p06-cool-step290400,19,0.4547814193091754,0.5336581883900564,-0.07887676908088093,-0.13371325985571506,-0.02702608171006809
eval-denovo,long,L/5,marinfold-exp232-decontam-m2-p06-step145199,19,0.6319278333337128,0.685130710310392,-0.05320287697667913,-0.10481977470811743,0.0031130338652728155
eval-denovo,long,L/5,marinfold-exp232-decontam-m1-p02-step145199,19,0.6319278333337128,0.6916077134638975,-0.05967988013018475,-0.12084847041211147,0.007278805964823072
eval-denovo,long,L/5,marinfold-exp199-cw-p06-cool-step290400,19,0.6319278333337128,0.7029632036521319,-0.07103537031841922,-0.11611302220046023,-0.02270558795247911
eval-denovo,long,R,marinfold-exp232-decontam-m2-p06-step145199,19,0.4664194247352306,0.5489256295770376,-0.08250620484180701,-0.13204611322841248,-0.027760766205229003
eval-denovo,long,R,marinfold-exp232-decontam-m1-p02-step145199,19,0.4664194247352306,0.5481940978167771,-0.0817746730815465,-0.12974168159547023,-0.034578706992382954
eval-denovo,long,R,marinfold-exp199-cw-p06-cool-step290400,19,0.4664194247352306,0.5726387157407324,-0.10621929100550179,-0.16065587291171157,-0.05308215497142133
eval-denovo,medium,AUC,marinfold-exp232-decontam-m2-p06-step145199,19,0.9845611699333817,0.9850692957557668,-0.0005081258223849959,-0.006119988340589419,0.005933697535975
eval-denovo,medium,AUC,marinfold-exp232-decontam-m1-p02-step145199,19,0.9845611699333817,0.9841819406980472,0.00037922923533458653,-0.005669447544729856,0.00784636635530492
eval-denovo,medium,AUC,marinfold-exp199-cw-p06-cool-step290400,19,0.9845611699333817,0.9834397078185254,0.0011214621148562852,-0.005785629005094188,0.009037621668739896
eval-denovo,medium,L,marinfold-exp232-decontam-m2-p06-step145199,19,0.16529481744998717,0.1706016746384286,-0.005306857188441432,-0.013337779242434856,-0.00033055093864532746
eval-denovo,medium,L,marinfold-exp232-decontam-m1-p02-step145199,19,0.16529481744998717,0.17148525915876867,-0.0061904417087815106,-0.014186458972900192,-0.001163440690081519
eval-denovo,medium,L,marinfold-exp199-cw-p06-cool-step290400,19,0.16529481744998717,0.17005127904159337,-0.004756461591606201,-0.012535683683422274,0.00017266970927501746
eval-denovo,medium,L/2,marinfold-exp232-decontam-m2-p06-step145199,19,0.3001514575204845,0.32434137775586946,-0.02418992023538484,-0.0518680936319313,-0.005153827476511795
eval-denovo,medium,L/2,marinfold-exp232-decontam-m1-p02-step145199,19,0.3001514575204845,0.32031396583794775,-0.020162508317463218,-0.05311608193116957,0.004725476917075188
eval-denovo,medium,L/2,marinfold-exp199-cw-p06-cool-step290400,19,0.3001514575204845,0.3257744902850888,-0.025623032764604287,-0.0555238794347674,-0.004689743834296947
eval-denovo,medium,L/5,marinfold-exp232-decontam-m2-p06-step145199,19,0.5535847726852432,0.5805048702695688,-0.026920097584325717,-0.08513329286665862,0.012475226730059297
eval-denovo,medium,L/5,marinfold-exp232-decontam-m1-p02-step145199,19,0.5535847726852432,0.5625369972948849,-0.008952224609641731,-0.06433694224975627,0.042654092126868874
eval-denovo,medium,L/5,marinfold-exp199-cw-p06-cool-step290400,19,0.5535847726852432,0.5982044289354381,-0.044619656250194845,-0.10583211855249355,-0.004771729213384345
eval-denovo,medium,R,marinfold-exp232-decontam-m2-p06-step145199,19,0.6290799456864975,0.6644382411293609,-0.035358295442863355,-0.10712048826250783,0.02544999463955744
eval-denovo,medium,R,marinfold-exp232-decontam-m1-p02-step145199,19,0.6290799456864975,0.6666440278892976,-0.03756408220280009,-0.11578986836825955,0.029796155647414887
eval-denovo,medium,R,marinfold-exp199-cw-p06-cool-step290400,19,0.6290799456864975,0.6838524343154223,-0.05477248862892485,-0.12386027776574719,-7.564905356991774e-05
eval-denovo,short,AUC,marinfold-exp232-decontam-m2-p06-step145199,19,0.9834774038765296,0.9862511814790915,-0.002773777602562156,-0.010191864878676259,0.00643996126123915
eval-denovo,short,AUC,marinfold-exp232-decontam-m1-p02-step145199,19,0.9834774038765296,0.9899099712791711,-0.00643256740264166,-0.01225125720420231,-0.001549828716638265
eval-denovo,short,AUC,marinfold-exp199-cw-p06-cool-step290400,19,0.9834774038765296,0.9881038372894593,-0.00462643341292974,-0.012125688808361658,0.004413506799895491
eval-denovo,short,L,marinfold-exp232-decontam-m2-p06-step145199,19,0.10782933061616833,0.10791616109494444,-8.683047877614711e-05,-0.0016184828267852638,0.001502749707697059
eval-denovo,short,L,marinfold-exp232-decontam-m1-p02-step145199,19,0.10782933061616833,0.10815468748862009,-0.00032535687245179425,-0.0017311298129333162,0.0009356577507894911
eval-denovo,short,L,marinfold-exp199-cw-p06-cool-step290400,19,0.10782933061616833,0.10814204769986879,-0.0003127170837004738,-0.0017543859649122744,0.001118928066911911
eval-denovo,short,L/2,marinfold-exp232-decontam-m2-p06-step145199,19,0.21041171639590064,0.2132879287477784,-0.0028762123518777647,-0.009928229665071783,0.0022586546580354526
eval-denovo,short,L/2,marinfold-exp232-decontam-m1-p02-step145199,19,0.21041171639590064,0.21463385888163158,-0.004222142485730944,-0.01092557376361644,0.0016841616865380762
eval-denovo,short,L/2,marinfold-exp199-cw-p06-cool-step290400,19,0.21041171639590064,0.2152907029792181,-0.0048789865833174266,-0.011122402404736685,-0.0002467806344505774
eval-denovo,short,L/5,marinfold-exp232-decontam-m2-p06-step145199,19,0.41865052920034085,0.4790950192970442,-0.06044449009670347,-0.09943196988638577,-0.029560625481392117
eval-denovo,short,L/5,marinfold-exp232-decontam-m1-p02-step145199,19,0.41865052920034085,0.46990501211534746,-0.05125448291500654,-0.0932501928283319,-0.015619730663939102
eval-denovo,short,L/5,marinfold-exp199-cw-p06-cool-step290400,19,0.41865052920034085,0.4787646612381544,-0.06011413203781355,-0.10040128945926263,-0.029025692065917985
eval-denovo,short,R,marinfold-exp232-decontam-m2-p06-step145199,19,0.5889257460140311,0.6463293748947398,-0.05740362888070869,-0.11311074581819487,0.0036428898987260067
eval-denovo,short,R,marinfold-exp232-decontam-m1-p02-step145199,19,0.5889257460140311,0.6378740827807041,-0.04894833676667292,-0.1062475393640504,0.006766935667614625
eval-denovo,short,R,marinfold-exp199-cw-p06-cool-step290400,19,0.5889257460140311,0.6806879233449692,-0.09176217733093794,-0.13889639417599942,-0.0436111516878707
eval-test,all,AUC,marinfold-exp232-decontam-m2-p06-step145199,217,0.8983056021060689,0.9389570841307029,-0.040651482024634006,-0.049300308099346,-0.032142803235829825
eval-test,all,AUC,marinfold-exp232-decontam-m1-p02-step145199,217,0.8983056021060689,0.9254395375781069,-0.02713393547203815,-0.036275932993901125,-0.018112136554600575
eval-test,all,AUC,marinfold-exp199-cw-p06-cool-step290400,217,0.8983056021060689,0.9583553369141693,-0.060049734808100545,-0.06829836410374898,-0.051688743708471936
eval-test,all,L,marinfold-exp232-decontam-m2-p06-step145199,217,0.2650584818593216,0.5172373894738312,-0.2521789076145097,-0.27554631548293745,-0.22747181983824016
eval-test,all,L,marinfold-exp232-decontam-m1-p02-step145199,217,0.2650584818593216,0.4754255405907409,-0.21036705873141923,-0.23381668530287808,-0.18660607084571632
eval-test,all,L,marinfold-exp199-cw-p06-cool-step290400,217,0.2650584818593216,0.590740787285318,-0.32568230542599647,-0.3504612021007324,-0.3003172247648566
eval-test,all,L/2,marinfold-exp232-decontam-m2-p06-step145199,217,0.36516277597909075,0.6901647260742865,-0.32500195009519567,-0.3554986228964969,-0.2936559213857293
eval-test,all,L/2,marinfold-exp232-decontam-m1-p02-step145199,217,0.36516277597909075,0.6362885747562919,-0.27112579877720105,-0.3011187380955992,-0.2389988145088004
eval-test,all,L/2,marinfold-exp199-cw-p06-cool-step290400,217,0.36516277597909075,0.7735435746032027,-0.4083807986241119,-0.43861333908677047,-0.37653599840479474
eval-test,all,L/5,marinfold-exp232-decontam-m2-p06-step145199,217,0.49417862473925356,0.8142276828712952,-0.32004905813204154,-0.35329510184966195,-0.28703222123638494
eval-test,all,L/5,marinfold-exp232-decontam-m1-p02-step145199,217,0.49417862473925356,0.7680752205225999,-0.2738965957833463,-0.3082648423038519,-0.24047354184764982
eval-test,all,L/5,marinfold-exp199-cw-p06-cool-step290400,217,0.49417862473925356,0.8759833924095445,-0.3818047676702908,-0.4159875166434244,-0.34767078739419555
eval-test,all,R,marinfold-exp232-decontam-m2-p06-step145199,217,0.27704102664309804,0.5376552851103137,-0.2606142584672157,-0.28546625858184255,-0.2360948839320364
eval-test,all,R,marinfold-exp232-decontam-m1-p02-step145199,217,0.27704102664309804,0.49309655879073966,-0.21605553214764156,-0.23992878619387828,-0.19301098119293247
eval-test,all,R,marinfold-exp199-cw-p06-cool-step290400,217,0.27704102664309804,0.6131841080469917,-0.3361430814038937,-0.3612679823945958,-0.3113299240789989
eval-test,long,AUC,marinfold-exp232-decontam-m2-p06-step145199,217,0.8836298529727545,0.9298624773573143,-0.0462326243845596,-0.05740001368513774,-0.035449608236855244
eval-test,long,AUC,marinfold-exp232-decontam-m1-p02-step145199,217,0.8836298529727545,0.9130539761142972,-0.02942412314154252,-0.04068306325004279,-0.018301232491756098
eval-test,long,AUC,marinfold-exp199-cw-p06-cool-step290400,217,0.8836298529727545,0.9519957573481979,-0.06836590437544335,-0.07844078832003354,-0.05794635037763092
eval-test,long,L,marinfold-exp232-decontam-m2-p06-step145199,217,0.17564188743666323,0.3898317273452832,-0.21418983990861995,-0.2363503924404128,-0.19171494087740093
eval-test,long,L,marinfold-exp232-decontam-m1-p02-step145199,217,0.17564188743666323,0.3574819267627481,-0.18184003932608486,-0.20357932846222707,-0.160151004436509
eval-test,long,L,marinfold-exp199-cw-p06-cool-step290400,217,0.17564188743666323,0.4485222621445018,-0.27288037470783855,-0.29600414451404006,-0.24866630616465915
eval-test,long,L/2,marinfold-exp232-decontam-m2-p06-step145199,217,0.24835547020866736,0.5719806661386507,-0.3236251959299834,-0.35471220133965586,-0.2934928539621585
eval-test,long,L/2,marinfold-exp232-decontam-m1-p02-step145199,217,0.24835547020866736,0.5194522036612177,-0.2710967334525503,-0.3019108743547894,-0.23970854879770906
eval-test,long,L/2,marinfold-exp199-cw-p06-cool-step290400,217,0.24835547020866736,0.656709139181075,-0.40835366897240755,-0.440665679988262,-0.37574989407772247
eval-test,long,L/5,marinfold-exp232-decontam-m2-p06-step145199,217,0.3500017960781666,0.7347327743414981,-0.3847309782633314,-0.4236810372140959,-0.34583092585935576
eval-test,long,L/5,marinfold-exp232-decontam-m1-p02-step145199,217,0.3500017960781666,0.6844861136579217,-0.33448431757975505,-0.37331504176922736,-0.29566873210707106
eval-test,long,L/5,marinfold-exp199-cw-p06-cool-step290400,217,0.3500017960781666,0.8184900122109735,-0.468488216132807,-0.5067932919883952,-0.43124913777685814
eval-test,long,R,marinfold-exp232-decontam-m2-p06-step145199,217,0.2248035722470722,0.5128096398272495,-0.28800606758017727,-0.31583635954857503,-0.2606229946179001
eval-test,long,R,marinfold-exp232-decontam-m1-p02-step145199,217,0.2248035722470722,0.46202349377501456,-0.23721992152794233,-0.26478350654407584,-0.21046183163501517
eval-test,long,R,marinfold-exp199-cw-p06-cool-step290400,217,0.2248035722470722,0.5945341917549347,-0.36973061950786246,-0.39849064794261646,-0.34071723143605925
eval-test,medium,AUC,marinfold-exp232-decontam-m2-p06-step145199,217,0.9109527251076543,0.9510460036547711,-0.04009327854711681,-0.04732453766045993,-0.032941957666567365
eval-test,medium,AUC,marinfold-exp232-decontam-m1-p02-step145199,217,0.9109527251076543,0.9423261076071655,-0.0313733824995113,-0.03838524510436138,-0.024109868225887263
eval-test,medium,AUC,marinfold-exp199-cw-p06-cool-step290400,217,0.9109527251076543,0.9688259617438605,-0.057873236636206235,-0.06506396452149135,-0.05101479580323053
eval-test,medium,L,marinfold-exp232-decontam-m2-p06-step145199,217,0.11715582288918969,0.1484719236875398,-0.031316100798350094,-0.03556145001220086,-0.027191987866183626
eval-test,medium,L,marinfold-exp232-decontam-m1-p02-step145199,217,0.11715582288918969,0.14443811427444328,-0.027282291385253586,-0.031208568733310238,-0.023324347306786265
eval-test,medium,L,marinfold-exp199-cw-p06-cool-step290400,217,0.11715582288918969,0.15734897818125498,-0.0401931552920653,-0.04494762664851346,-0.03565533971180677
eval-test,medium,L/2,marinfold-exp232-decontam-m2-p06-step145199,217,0.18283545827140354,0.2675751582040092,-0.08473969993260566,-0.09501230325272675,-0.07485104769946374
eval-test,medium,L/2,marinfold-exp232-decontam-m1-p02-step145199,217,0.18283545827140354,0.2536425517101154,-0.07080709343871187,-0.0805863304630934,-0.0613537344056563
eval-test,medium,L/2,marinfold-exp199-cw-p06-cool-step290400,217,0.18283545827140354,0.29221225339232587,-0.10937679512092227,-0.12013440434765127,-0.09883787917329222
eval-test,medium,L/5,marinfold-exp232-decontam-m2-p06-step145199,217,0.29663174171815565,0.5034625598231587,-0.206830818105003,-0.22835789412887783,-0.1855324206183362
eval-test,medium,L/5,marinfold-exp232-decontam-m1-p02-step145199,217,0.29663174171815565,0.46891945143579505,-0.17228770971763946,-0.1940822424191643,-0.15080299401550123
eval-test,medium,L/5,marinfold-exp199-cw-p06-cool-step290400,217,0.29663174171815565,0.5595490760705003,-0.2629173343523447,-0.2863348079441366,-0.23940369052162466
eval-test,medium,R,marinfold-exp232-decontam-m2-p06-step145199,217,0.318558849328907,0.5624512756501372,-0.2438924263212302,-0.2693255080503415,-0.21879826738032787
eval-test,medium,R,marinfold-exp232-decontam-m1-p02-step145199,217,0.318558849328907,0.5246485797480663,-0.2060897304191594,-0.23184723702388738,-0.18125433651021577
eval-test,medium,R,marinfold-exp199-cw-p06-cool-step290400,217,0.318558849328907,0.6382226361247029,-0.31966378679579593,-0.3460531224245639,-0.2939043601497283
eval-test,short,AUC,marinfold-exp232-decontam-m2-p06-step145199,217,0.9166952939225225,0.9497258409183398,-0.0330305469958174,-0.03883859141106245,-0.027132276543473995
eval-test,short,AUC,marinfold-exp232-decontam-m1-p02-step145199,217,0.9166952939225225,0.9427249845435854,-0.026029690621062997,-0.03160044976031897,-0.02059155640537662
eval-test,short,AUC,marinfold-exp199-cw-p06-cool-step290400,217,0.9166952939225225,0.9623174536548603,-0.04562215973233786,-0.051724622390842155,-0.039341594946410506
eval-test,short,L,marinfold-exp232-decontam-m2-p06-step145199,217,0.1071046555439038,0.11786912236024717,-0.010764466816343373,-0.012599548823769102,-0.009053870774985151
eval-test,short,L,marinfold-exp232-decontam-m1-p02-step145199,217,0.1071046555439038,0.11578312612660581,-0.008678470582702009,-0.010336922632150674,-0.007055676903856822
eval-test,short,L,marinfold-exp199-cw-p06-cool-step290400,217,0.1071046555439038,0.12144897161150657,-0.014344316067602775,-0.016679477446200058,-0.012191709582706333
eval-test,short,L/2,marinfold-exp232-decontam-m2-p06-step145199,217,0.17621098860281462,0.21586569485106646,-0.039654706248251834,-0.04476235848730459,-0.03466192025757768
eval-test,short,L/2,marinfold-exp232-decontam-m1-p02-step145199,217,0.17621098860281462,0.21010482086859258,-0.03389383226577799,-0.038616027249335376,-0.029197033611493006
eval-test,short,L/2,marinfold-exp199-cw-p06-cool-step290400,217,0.17621098860281462,0.22932439055158121,-0.053113401948766605,-0.05919733406223206,-0.046885644579279566
eval-test,short,L/5,marinfold-exp232-decontam-m2-p06-step145199,217,0.30904199530120813,0.43862473023360943,-0.12958273493240133,-0.14477201105954762,-0.11453770944566559
eval-test,short,L/5,marinfold-exp232-decontam-m1-p02-step145199,217,0.30904199530120813,0.4180972684948285,-0.10905527319362032,-0.12405763397662618,-0.09423972177161924
eval-test,short,L/5,marinfold-exp199-cw-p06-cool-step290400,217,0.30904199530120813,0.4799220903802688,-0.17088009507906068,-0.1884212888822146,-0.1539852597252045
eval-test,short,R,marinfold-exp232-decontam-m2-p06-step145199,217,0.3803064735548685,0.5698183742447792,-0.1895119006899107,-0.21111710379930038,-0.16832090798078847
eval-test,short,R,marinfold-exp232-decontam-m1-p02-step145199,217,0.3803064735548685,0.5429419083574997,-0.16263543480263112,-0.18258401471254027,-0.14228117479535674
eval-test,short,R,marinfold-exp199-cw-p06-cool-step290400,217,0.3803064735548685,0.6380585139578154,-0.25775204040294697,-0.28053838036784123,-0.23637458641094727
eval-val,all,AUC,marinfold-exp232-decontam-m2-p06-step145199,97,0.8922992735249546,0.930843513349874,-0.038544239824919356,-0.05329237311733159,-0.02356689580184343
eval-val,all,AUC,marinfold-exp232-decontam-m1-p02-step145199,97,0.8922992735249546,0.9141726878693619,-0.021873414344407364,-0.03659612108054317,-0.007334672595336161
eval-val,all,AUC,marinfold-exp199-cw-p06-cool-step290400,97,0.8922992735249546,0.9511468990924388,-0.05884762556748407,-0.07259041327536092,-0.04466904408382425
eval-val,all,L,marinfold-exp232-decontam-m2-p06-step145199,97,0.24969633173448985,0.4918380918228299,-0.24214176008834015,-0.27986145982069255,-0.20359182714162022
eval-val,all,L,marinfold-exp232-decontam-m1-p02-step145199,97,0.24969633173448985,0.4450470843258541,-0.19535075259136434,-0.23315573444269164,-0.15756258898146783
eval-val,all,L,marinfold-exp199-cw-p06-cool-step290400,97,0.24969633173448985,0.5558179141472164,-0.3061215824127265,-0.34245501175457205,-0.2704667879482784
eval-val,all,L/2,marinfold-exp232-decontam-m2-p06-step145199,97,0.34488117536338725,0.6623635574153294,-0.3174823820519422,-0.3646346822940176,-0.2710981195682041
eval-val,all,L/2,marinfold-exp232-decontam-m1-p02-step145199,97,0.34488117536338725,0.6032565429097271,-0.2583753675463399,-0.3050377731103957,-0.21189745525284662
eval-val,all,L/2,marinfold-exp199-cw-p06-cool-step290400,97,0.34488117536338725,0.7367977234236753,-0.39191654806028825,-0.43880803074645797,-0.3443744016335699
eval-val,all,L/5,marinfold-exp232-decontam-m2-p06-step145199,97,0.481569059223009,0.7852283338437647,-0.30365927462075565,-0.35354812879215963,-0.25358744210359446
eval-val,all,L/5,marinfold-exp232-decontam-m1-p02-step145199,97,0.481569059223009,0.7381090819041171,-0.256540022681108,-0.30765124026663876,-0.20573342856676108
eval-val,all,L/5,marinfold-exp199-cw-p06-cool-step290400,97,0.481569059223009,0.8497502016393036,-0.3681811424162946,-0.41942682991963737,-0.317990004802898
eval-val,all,R,marinfold-exp232-decontam-m2-p06-step145199,97,0.2669077058698286,0.5197991295291134,-0.2528914236592849,-0.2918023820776879,-0.21508037021150936
eval-val,all,R,marinfold-exp232-decontam-m1-p02-step145199,97,0.2669077058698286,0.4731469398933443,-0.20623923402351568,-0.24537057359946626,-0.1670232360087247
eval-val,all,R,marinfold-exp199-cw-p06-cool-step290400,97,0.2669077058698286,0.5889941956209451,-0.3220864897511164,-0.36131598586663655,-0.2832502659064653
eval-val,long,AUC,marinfold-exp232-decontam-m2-p06-step145199,97,0.8761345595138749,0.9182671025307647,-0.04213254301688993,-0.06050204877662091,-0.02436932390009104
eval-val,long,AUC,marinfold-exp232-decontam-m1-p02-step145199,97,0.8761345595138749,0.8986847672795095,-0.02255020776563448,-0.040334107927281405,-0.005679370784383295
eval-val,long,AUC,marinfold-exp199-cw-p06-cool-step290400,97,0.8761345595138749,0.9429864051831524,-0.06685184566927735,-0.08478019013058231,-0.04946679662040109
eval-val,long,L,marinfold-exp232-decontam-m2-p06-step145199,97,0.16988923733363046,0.36755768909315556,-0.19766845175952516,-0.23232122999356913,-0.16512010772611485
eval-val,long,L,marinfold-exp232-decontam-m1-p02-step145199,97,0.16988923733363046,0.32842932676176284,-0.15854008942813244,-0.19041243367277325,-0.12525748530462588
eval-val,long,L,marinfold-exp199-cw-p06-cool-step290400,97,0.16988923733363046,0.4176866096250474,-0.2477973722914169,-0.2824432916744682,-0.2143974324500034
eval-val,long,L/2,marinfold-exp232-decontam-m2-p06-step145199,97,0.23951610353939815,0.5493253579849966,-0.3098092544455985,-0.3586899733022749,-0.2611433655929485
eval-val,long,L/2,marinfold-exp232-decontam-m1-p02-step145199,97,0.23951610353939815,0.4854779413564274,-0.24596183781702932,-0.2937129969454837,-0.19940712571853664
eval-val,long,L/2,marinfold-exp199-cw-p06-cool-step290400,97,0.23951610353939815,0.6265616194853307,-0.38704551594593256,-0.4347918216748317,-0.34110140257527877
eval-val,long,L/5,marinfold-exp232-decontam-m2-p06-step145199,97,0.34829470954039704,0.7173543837392916,-0.3690596741988947,-0.43007228086074994,-0.30870156387318215
eval-val,long,L/5,marinfold-exp232-decontam-m1-p02-step145199,97,0.34829470954039704,0.6525319551367836,-0.3042372455963866,-0.36477809639245884,-0.2427873789733887
eval-val,long,L/5,marinfold-exp199-cw-p06-cool-step290400,97,0.34829470954039704,0.7942537683904219,-0.4459590588500249,-0.5026896159922117,-0.3845230443054032
eval-val,long,R,marinfold-exp232-decontam-m2-p06-step145199,97,0.22459054178826107,0.5017295196551887,-0.27713897786692765,-0.319689756459752,-0.23560959833104708
eval-val,long,R,marinfold-exp232-decontam-m1-p02-step145199,97,0.22459054178826107,0.4480411783786616,-0.22345063659040043,-0.26630297241566714,-0.18132112005654652
eval-val,long,R,marinfold-exp199-cw-p06-cool-step290400,97,0.22459054178826107,0.5756649575748539,-0.3510744157865927,-0.393223907810011,-0.3082648471750442
eval-val,medium,AUC,marinfold-exp232-decontam-m2-p06-step145199,97,0.9029094651984496,0.9503064813356854,-0.047397016137235785,-0.059828603595515846,-0.03488934577090898
eval-val,medium,AUC,marinfold-exp232-decontam-m1-p02-step145199,97,0.9029094651984496,0.9351067781717335,-0.03219731297328389,-0.04501059094748872,-0.019524501253133975
eval-val,medium,AUC,marinfold-exp199-cw-p06-cool-step290400,97,0.9029094651984496,0.9626733290349387,-0.05976386383648891,-0.07320738248569279,-0.04670737024218097
eval-val,medium,L,marinfold-exp232-decontam-m2-p06-step145199,97,0.11035657459592621,0.14266464020769118,-0.032308065611764955,-0.03946203196960288,-0.025116212253235504
eval-val,medium,L,marinfold-exp232-decontam-m1-p02-step145199,97,0.11035657459592621,0.13664582583267063,-0.02628925123674441,-0.03365891252679002,-0.0194891333499015
eval-val,medium,L,marinfold-exp199-cw-p06-cool-step290400,97,0.11035657459592621,0.14984421969753609,-0.03948764510160986,-0.046851994814871976,-0.032516075366744654
eval-val,medium,L/2,marinfold-exp232-decontam-m2-p06-step145199,97,0.1685353570583858,0.256426074356246,-0.08789071729786023,-0.10579061630087232,-0.07061753416474349
eval-val,medium,L/2,marinfold-exp232-decontam-m1-p02-step145199,97,0.1685353570583858,0.24364533140299022,-0.0751099743446044,-0.09209098264553242,-0.058923366127166296
eval-val,medium,L/2,marinfold-exp199-cw-p06-cool-step290400,97,0.1685353570583858,0.2766571402917791,-0.10812178323339329,-0.1255471081419212,-0.0908117990418241
eval-val,medium,L/5,marinfold-exp232-decontam-m2-p06-step145199,97,0.2678215319062086,0.4703235417427193,-0.20250200983651068,-0.24114199157520194,-0.16580233217846438
eval-val,medium,L/5,marinfold-exp232-decontam-m1-p02-step145199,97,0.2678215319062086,0.4446106025844658,-0.17678907067825725,-0.2147314001382875,-0.13957987704191052
eval-val,medium,L/5,marinfold-exp199-cw-p06-cool-step290400,97,0.2678215319062086,0.527501062768997,-0.2596795308627885,-0.3002121830846245,-0.22065412271981316
eval-val,medium,R,marinfold-exp232-decontam-m2-p06-step145199,97,0.2843622039783018,0.5254312045303964,-0.24106900055209457,-0.28185244315872293,-0.20102507847127007
eval-val,medium,R,marinfold-exp232-decontam-m1-p02-step145199,97,0.2843622039783018,0.48665479142919366,-0.20229258745089182,-0.24360802764653805,-0.1621947677246788
eval-val,medium,R,marinfold-exp199-cw-p06-cool-step290400,97,0.2843622039783018,0.5878675550426963,-0.30350535106439447,-0.34534882411749784,-0.26283619120924756
eval-val,short,AUC,marinfold-exp232-decontam-m2-p06-step145199,97,0.9152306160777482,0.9453300355095958,-0.030099419431847456,-0.04019768404142683,-0.019735936590681416
eval-val,short,AUC,marinfold-exp232-decontam-m1-p02-step145199,97,0.9152306160777482,0.9390017664730169,-0.023771150395268812,-0.03451974256538936,-0.012931251412670687
eval-val,short,AUC,marinfold-exp199-cw-p06-cool-step290400,97,0.9152306160777482,0.9581891619095083,-0.04295854583176013,-0.05411768159507939,-0.03081023016313272
eval-val,short,L,marinfold-exp232-decontam-m2-p06-step145199,97,0.10238795336924739,0.11408484861626109,-0.011696895247013691,-0.01481574234993531,-0.008706990108100096
eval-val,short,L,marinfold-exp232-decontam-m1-p02-step145199,97,0.10238795336924739,0.11294404694829567,-0.010556093579048305,-0.013601765541760829,-0.007611789012233506
eval-val,short,L,marinfold-exp199-cw-p06-cool-step290400,97,0.10238795336924739,0.11751260950467037,-0.015124656135422992,-0.018424114493697043,-0.011906202177825741
eval-val,short,L/2,marinfold-exp232-decontam-m2-p06-step145199,97,0.16530900797847323,0.20948387026353602,-0.04417486228506277,-0.053230778855103356,-0.03498113662051634
eval-val,short,L/2,marinfold-exp232-decontam-m1-p02-step145199,97,0.16530900797847323,0.20113507122046842,-0.03582606324199518,-0.04510130991201214,-0.026459640048264354
eval-val,short,L/2,marinfold-exp199-cw-p06-cool-step290400,97,0.16530900797847323,0.22172340705740418,-0.056414399078930956,-0.06668299168460909,-0.046762304949422656
eval-val,short,L/5,marinfold-exp232-decontam-m2-p06-step145199,97,0.28643356871712483,0.4306684366894885,-0.14423486797236373,-0.16987572125445297,-0.12069074922573057
eval-val,short,L/5,marinfold-exp232-decontam-m1-p02-step145199,97,0.28643356871712483,0.4082365425259718,-0.12180297380884697,-0.14826421544066448,-0.09834187531359535
eval-val,short,L/5,marinfold-exp199-cw-p06-cool-step290400,97,0.28643356871712483,0.4695888914762416,-0.18315532275911683,-0.2136561987237395,-0.15489379655605814
eval-val,short,R,marinfold-exp232-decontam-m2-p06-step145199,97,0.36560624369954275,0.5649459093770612,-0.19933966567751854,-0.232469376698787,-0.16692435086176133
eval-val,short,R,marinfold-exp232-decontam-m1-p02-step145199,97,0.36560624369954275,0.5348210445487965,-0.16921480084925364,-0.20090520167825396,-0.1375693687558909
eval-val,short,R,marinfold-exp199-cw-p06-cool-step290400,97,0.36560624369954275,0.6313099904216766,-0.2657037467221338,-0.3000715619978349,-0.2309614435664141
