model,step,consensus_r_precision,oracle_r_precision,probability_ensemble_r_precision,sampled_oracle_r_precision,metric_version,summary_file
G1-long,35000,0.23283432873521945,,,,legacy_consensus_only,reports/diffusion_v2/milestones/g1-long-step35000-seed20260925-summary.json
G1-long,115000,0.28109594908304986,,,,legacy_consensus_only,reports/diffusion_v2/milestones/g1-long-step115000-seed20260925-summary.json
G1-long,140000,0.2877659427860802,,,,legacy_consensus_only,reports/diffusion_v2/milestones/g1-long-step140000-seed20260925-summary.json
G1-long,150000,0.28857979000563644,,,,legacy_consensus_only,reports/diffusion_v2/milestones/g1-long-step150000-seed20260925-summary.json
G1-long,160000,0.29027610676572996,,,,legacy_consensus_only,reports/diffusion_v2/milestones/g1-long-step160000-seed20260925-summary.json
G1-long,170000,0.2955184304125764,,,,legacy_consensus_only,reports/diffusion_v2/milestones/g1-long-step170000-seed20260925-summary.json
G1-long,180000,0.2930652210837824,,,,legacy_consensus_only,reports/diffusion_v2/milestones/g1-long-step180000-seed20260925-summary.json
G1-long,190000,0.29752873518304457,,,,legacy_consensus_only,reports/diffusion_v2/milestones/g1-long-step190000-seed20260925-summary.json
G1-long,200000,0.29811744840526144,,,,legacy_consensus_only,reports/diffusion_v2/milestones/g1-long-step200000-seed20260925-summary.json
G1-long,210000,0.29967290024958726,,,,legacy_consensus_only,reports/diffusion_v2/milestones/g1-long-step210000-seed20260925-summary.json
G1-long,220000,0.301181743521278,,,,legacy_consensus_only,reports/diffusion_v2/milestones/g1-long-step220000-seed20260925-summary.json
G1-long,230000,0.30840837991819414,,,,legacy_consensus_only,reports/diffusion_v2/milestones/g1-long-step230000-seed20260925-summary.json
G1-long,240000,0.30819343826148504,,,,legacy_consensus_only,reports/diffusion_v2/milestones/g1-long-step240000-seed20260925-summary.json
G1-long,250000,0.309072616211626,,,,legacy_consensus_only,reports/diffusion_v2/milestones/g1-long-step250000-seed20260925-summary.json
G1-long,260000,0.3119283832427382,,,,legacy_consensus_only,reports/diffusion_v2/milestones/g1-long-step260000-seed20260925-summary.json
G1-long,270000,0.3113972242900049,,,,legacy_consensus_only,reports/diffusion_v2/milestones/g1-long-step270000-seed20260925-summary.json
G1-long,280000,0.31132923683182423,,,,legacy_consensus_only,reports/diffusion_v2/milestones/g1-long-step280000-seed20260925-summary.json
G1-long,290000,0.31549760154644557,,,,legacy_consensus_only,reports/diffusion_v2/milestones/g1-long-step290000-seed20260925-summary.json
G1-long,300000,0.3149618900301307,0.3013750676322932,0.31872117098540326,0.23873853675222625,fixed-r-v2,reports/diffusion_fixed_r/milestones/g1-long-step300000-seed20260925-summary.json
G2-RSC,10000,0.16028396896204752,,,,legacy_consensus_only,reports/diffusion_v3/milestones/g2-rsc-step10000-seed20260925-summary.json
G2-RSC,20000,0.21171534474672699,,,,legacy_consensus_only,reports/diffusion_v3/milestones/g2-rsc-step20000-seed20260925-summary.json
G2-RSC,30000,0.23188529409073888,0.25561161869531257,0.23708376447780724,0.14897224307496804,fixed-r-v2,reports/diffusion_fixed_r/milestones/g2-rsc-step30000-seed20260925-summary.json
G2-RSC,35000,0.23893027639589617,0.2633245482690695,0.24398042662815805,0.14727441633723137,fixed-r-v2,reports/diffusion_fixed_r/milestones/g2-rsc-step35000-seed20260925-summary.json
G2-RSC,40000,0.24670135975466342,0.27225794537412296,0.25072000391142524,0.14811662054542682,fixed-r-v2,reports/diffusion_fixed_r/milestones/g2-rsc-step40000-seed20260925-summary.json
G2-RSC,45000,0.25294376635616916,0.2790097220292025,0.2579233769518648,0.15024799949150347,fixed-r-v2,reports/diffusion_fixed_r/milestones/g2-rsc-step45000-seed20260925-summary.json
G2-RSC,50000,0.2611176966919144,0.28564732914525715,0.26438402787230164,0.1614939976995954,fixed-r-v2,reports/diffusion_fixed_r/milestones/g2-rsc-step50000-seed20260925-summary.json
G2-RSC,55000,0.26460347719965044,0.29058755317549784,0.2671567806616468,0.1591396948319137,fixed-r-v2,reports/diffusion_fixed_r/milestones/g2-rsc-step55000-seed20260925-summary.json
G2-RSC,60000,0.2738985862523434,0.2983500958372314,0.27773080707417735,0.1638545762718563,fixed-r-v2,reports/diffusion_fixed_r/milestones/g2-rsc-step60000-seed20260925-summary.json
G2-RSC,65000,0.26986802259290166,0.29579755821007103,0.27288400840260135,0.16293021946849207,fixed-r-v2,reports/diffusion_fixed_r/milestones/g2-rsc-step65000-seed20260925-summary.json
G2-RSC,70000,0.27407289131342194,0.29846910787915226,0.27698901494773803,0.16416997069475173,fixed-r-v2,reports/diffusion_fixed_r/milestones/g2-rsc-step70000-seed20260925-summary.json
G2-RSC,80000,0.2799543955461946,0.3065053975816487,0.2862143800642244,0.16481505571225108,fixed-r-v2,reports/diffusion_fixed_r/milestones/g2-rsc-step80000-seed20260925-summary.json
G2-RSC,85000,0.2844718114696014,0.3114588518359863,0.2887920388235322,0.16534142272408284,fixed-r-v2,reports/diffusion_fixed_r/milestones/g2-rsc-step85000-seed20260925-summary.json
G2-RSC,90000,0.28703905784506467,0.315136768819282,0.2913612819760948,0.168708283852013,fixed-r-v2,reports/diffusion_fixed_r/milestones/g2-rsc-step90000-seed20260925-summary.json
G2-RSC,95000,0.29725055247343185,0.32395069627044454,0.30275939850934086,0.17731558992630167,fixed-r-v2,reports/diffusion_fixed_r/milestones/g2-rsc-step95000-seed20260925-summary.json
G2-RSC,100000,0.29453712829481987,0.3212354138697341,0.2997947033839961,0.1759380160489255,fixed-r-v2,reports/diffusion_fixed_r/milestones/g2-rsc-step100000-seed20260925-summary.json
G2-RSC,105000,0.29544000334124876,0.32190097652693583,0.3008040934433055,0.1726714811835512,fixed-r-v2,reports/diffusion_fixed_r/milestones/g2-rsc-step105000-seed20260925-summary.json
G2-RSC,110000,0.2971568228632238,0.32634145909802637,0.30325676589351835,0.17571625206138636,fixed-r-v2,reports/diffusion_fixed_r/milestones/g2-rsc-step110000-seed20260925-summary.json
G2-RSC,115000,0.2993078672967484,0.32778459816976835,0.3054163056441669,0.17673497937604116,fixed-r-v2,reports/diffusion_fixed_r/milestones/g2-rsc-step115000-seed20260925-summary.json
G2-RSC,120000,0.29866825025713667,0.328491741818718,0.30475135895072436,0.17990712122611438,fixed-r-v2,reports/diffusion_fixed_r/milestones/g2-rsc-step120000-seed20260925-summary.json
G2-RSC,130000,0.3035245373784395,0.33151502342927447,0.3078943183593037,0.18524148781072974,fixed-r-v2,reports/diffusion_fixed_r/milestones/g2-rsc-step130000-seed20260925-summary.json
G2-RSC,140000,0.3013022290223896,0.3306130249908353,0.3067833903981601,0.1806286588153026,fixed-r-v2,reports/diffusion_fixed_r/milestones/g2-rsc-step140000-seed20260925-summary.json
G2-RSC,150000,0.3144652275769627,0.3423676128096229,0.321585945317159,0.1921873553071438,fixed-r-v2,reports/diffusion_fixed_r/milestones/g2-rsc-step150000-seed20260925-summary.json
G2-RSC,160000,0.3154716683828533,0.34501199113386677,0.3222695566696558,0.1932959509775492,fixed-r-v2,reports/diffusion_fixed_r/milestones/g2-rsc-step160000-seed20260925-summary.json
G2-RSC,170000,0.31032685940209126,0.34177597857750897,0.31831183428316656,0.1906994234791012,fixed-r-v2,reports/diffusion_fixed_r/milestones/g2-rsc-step170000-seed20260925-summary.json
G2-RSC,175000,0.31398173716907685,0.3434641764136919,0.3211811543584082,0.19445603306208584,fixed-r-v2,reports/diffusion_fixed_r/milestones/g2-rsc-step175000-seed20260925-summary.json
G2-RSC,180000,0.31047567869894355,0.33832154224579,0.3176703688399069,0.19294897958955307,fixed-r-v2,reports/diffusion_fixed_r/milestones/g2-rsc-step180000-seed20260925-summary.json
G2-wide,25000,0.236418535487595,,,,legacy_consensus_only,reports/diffusion_v2/milestones/g2-wide-step25000-seed20260925-summary.json
G2-wide,125000,0.3314176636640992,,,,legacy_consensus_only,reports/diffusion_v2/milestones/g2-wide-step125000-seed20260925-summary.json
G2-wide,180000,0.34987592246788224,,,,legacy_consensus_only,reports/diffusion_v2/milestones/g2-wide-step180000-seed20260925-summary.json
G2-wide,190000,0.3530086653446487,,,,legacy_consensus_only,reports/diffusion_v2/milestones/g2-wide-step190000-seed20260925-summary.json
G2-wide,200000,0.35151790701074387,,,,legacy_consensus_only,reports/diffusion_v2/milestones/g2-wide-step200000-seed20260925-summary.json
G2-wide,210000,0.3571096462040886,,,,legacy_consensus_only,reports/diffusion_v2/milestones/g2-wide-step210000-seed20260925-summary.json
G2-wide,220000,0.36306607662635415,,,,legacy_consensus_only,reports/diffusion_v2/milestones/g2-wide-step220000-seed20260925-summary.json
G2-wide,230000,0.36407588624541226,,,,legacy_consensus_only,reports/diffusion_v2/milestones/g2-wide-step230000-seed20260925-summary.json
G2-wide,240000,0.3634777543717564,,,,legacy_consensus_only,reports/diffusion_v2/milestones/g2-wide-step240000-seed20260925-summary.json
G2-wide,250000,0.36824238396755204,,,,legacy_consensus_only,reports/diffusion_v2/milestones/g2-wide-step250000-seed20260925-summary.json
G2-wide,260000,0.36917194574550677,0.353880908540506,0.3725890512437175,0.2869514435179811,fixed-r-v2,reports/diffusion_fixed_r/milestones/g2-wide-step260000-seed20260925-summary.json
G2-wide,270000,0.36875423381087424,0.3555466399040389,0.3725061475688398,0.2881489525897246,fixed-r-v2,reports/diffusion_fixed_r/milestones/g2-wide-step270000-seed20260925-summary.json
G2-wide,275000,0.37335979580572864,0.35666490283287744,0.37759559388645847,0.2879530071437383,fixed-r-v2,reports/diffusion_fixed_r/milestones/g2-wide-step275000-seed20260925-summary.json
G2-wide,280000,0.3729352645645428,0.3585384268473907,0.3754975425558194,0.291908475994829,fixed-r-v2,reports/diffusion_fixed_r/milestones/g2-wide-step280000-seed20260925-summary.json
G2-wide,290000,0.3737939712214084,0.3579381725323299,0.3768962910906404,0.28792492646158513,fixed-r-v2,reports/diffusion_fixed_r/milestones/g2-wide-step290000-seed20260925-summary.json
G2-wide,300000,0.3734443748257954,0.3605492800611072,0.375921364751157,0.2908097425342345,fixed-r-v2,reports/diffusion_fixed_r/milestones/g2-wide-step300000-seed20260925-summary.json
G2-wide-SC,35000,0.26026472548609,,,,legacy_consensus_only,reports/diffusion_v2/milestones/g2-wide-sc2-step35000-seed20260925-summary.json
G2-wide-SC,90000,0.3100708403055881,,,,legacy_consensus_only,reports/diffusion_v2/milestones/g2-wide-sc2-step90000-seed20260925-summary.json
G2-wide-SC,100000,0.3184144610515499,,,,legacy_consensus_only,reports/diffusion_v2/milestones/g2-wide-sc2-step100000-seed20260925-summary.json
G2-wide-SC,110000,0.3194334232639298,,,,legacy_consensus_only,reports/diffusion_v2/milestones/g2-wide-sc2-step110000-seed20260925-summary.json
G2-wide-SC,120000,0.32587211023455004,,,,legacy_consensus_only,reports/diffusion_v2/milestones/g2-wide-sc2-step120000-seed20260925-summary.json
G2-wide-SC,130000,0.3282198437456155,,,,legacy_consensus_only,reports/diffusion_v2/milestones/g2-wide-sc2-step130000-seed20260925-summary.json
G2-wide-SC,140000,0.3336506792986752,,,,legacy_consensus_only,reports/diffusion_v2/milestones/g2-wide-sc2-step140000-seed20260925-summary.json
G2-wide-SC,150000,0.3400778367414733,0.35161516998300274,0.3422891075520655,0.2726547868599647,fixed-r-v2,reports/diffusion_fixed_r/milestones/g2-wide-sc2-step150000-seed20260925-summary.json
G2-wide-SC,155000,0.3392576188848527,0.3506301288354253,0.3408795160187846,0.2699445131254039,fixed-r-v2,reports/diffusion_fixed_r/milestones/g2-wide-sc2-step155000-seed20260925-summary.json
G2-wide-SC,160000,0.33372991651031225,0.34761071463132,0.3349278752816208,0.2698092975238284,fixed-r-v2,reports/diffusion_fixed_r/milestones/g2-wide-sc2-step160000-seed20260925-summary.json
G2-wide-SC,170000,0.33949418761686934,0.3492045998246044,0.3411400518301032,0.2738239828560224,fixed-r-v2,reports/diffusion_fixed_r/milestones/g2-wide-sc2-step170000-seed20260925-summary.json
G2-wide-SC,180000,0.34003058390101143,0.3490735023205949,0.34190778621852685,0.27498692442793965,fixed-r-v2,reports/diffusion_fixed_r/milestones/g2-wide-sc2-step180000-seed20260925-summary.json
G2-wide-SC,185000,0.3406874686421497,0.34966975506224607,0.3440599975322494,0.27710017058804154,fixed-r-v2,reports/diffusion_fixed_r/milestones/g2-wide-sc2-step185000-seed20260925-summary.json
G2-wide-SC,190000,0.3446366399099164,0.3565506987536057,0.34703045569430085,0.2805947913260076,fixed-r-v2,reports/diffusion_fixed_r/milestones/g2-wide-sc2-step190000-seed20260925-summary.json
G2-wide-SC,200000,0.3449094696981097,0.35530495450518745,0.348328778840879,0.28010638753858025,fixed-r-v2,reports/diffusion_fixed_r/milestones/g2-wide-sc2-step200000-seed20260925-summary.json
G2-wide-SC,205000,0.349395515104209,0.3567989093328332,0.3506603098802846,0.2827428104595852,fixed-r-v2,reports/diffusion_fixed_r/milestones/g2-wide-sc2-step205000-seed20260925-summary.json
G2-wide-SC,210000,0.344396784164799,0.3524217398026551,0.3476663135569855,0.2791503884517915,fixed-r-v2,reports/diffusion_fixed_r/milestones/g2-wide-sc2-step210000-seed20260925-summary.json
G2-wide-SC,220000,0.34817910617421477,0.3593387763552085,0.3497016774130724,0.28197896045718285,fixed-r-v2,reports/diffusion_fixed_r/milestones/g2-wide-sc2-step220000-seed20260925-summary.json
G2-wide-SC,230000,0.346823392799814,0.3597824942231754,0.3485919623577853,0.2833207421137138,fixed-r-v2,reports/diffusion_fixed_r/milestones/g2-wide-sc2-step230000-seed20260925-summary.json
G2-wide-SC,240000,0.35494183571350274,0.3623594924396035,0.35583209310103087,0.2885746798215957,fixed-r-v2,reports/diffusion_fixed_r/milestones/g2-wide-sc2-step240000-seed20260925-summary.json
G2-wide-SC,250000,0.35329477586120334,0.36498016551943063,0.35500756732382976,0.2945150484947382,fixed-r-v2,reports/diffusion_fixed_r/milestones/g2-wide-sc2-step250000-seed20260925-summary.json
G2-wide-SC,255000,0.35109773946435907,0.36163198788370715,0.3546938384096027,0.28973506882506705,fixed-r-v2,reports/diffusion_fixed_r/milestones/g2-wide-sc2-step255000-seed20260925-summary.json
G2-wide-SC,260000,0.35232080570104574,0.3642913789039426,0.35472101039568943,0.29175177439643113,fixed-r-v2,reports/diffusion_fixed_r/milestones/g2-wide-sc2-step260000-seed20260925-summary.json
G2-wide-SC,270000,0.35781571392988676,0.36820373366339154,0.3593017150083901,0.29489583377564527,fixed-r-v2,reports/diffusion_fixed_r/milestones/g2-wide-sc2-step270000-seed20260925-summary.json
G2-wide-SC,280000,0.3558167089796513,0.3662984163083201,0.3572878600717263,0.2929623742289056,fixed-r-v2,reports/diffusion_fixed_r/milestones/g2-wide-sc2-step280000-seed20260925-summary.json
G3-balanced-RSC,10000,0.17726458044680485,,,,legacy_consensus_only,reports/diffusion_v3/milestones/g3-balanced-rsc-step10000-seed20260925-summary.json
G3-balanced-RSC,20000,0.22751721155454796,,,,legacy_consensus_only,reports/diffusion_v3/milestones/g3-balanced-rsc-step20000-seed20260925-summary.json
G3-balanced-RSC,25000,0.24659883675605904,0.2711346566718876,0.24995986992233798,0.1565206335104267,fixed-r-v2,reports/diffusion_fixed_r/milestones/g3-balanced-rsc-step25000-seed20260925-summary.json
G3-balanced-RSC,30000,0.2654992126146641,0.2897670684754588,0.2692612726990479,0.16931788468165954,fixed-r-v2,reports/diffusion_fixed_r/milestones/g3-balanced-rsc-step30000-seed20260925-summary.json
G3-balanced-RSC,40000,0.2871570486051455,0.3141199492130432,0.291074770649886,0.17964919203372615,fixed-r-v2,reports/diffusion_fixed_r/milestones/g3-balanced-rsc-step40000-seed20260925-summary.json
G3-balanced-RSC,45000,0.29846493348929526,0.32456916214350506,0.3015985217124361,0.18802389639057954,fixed-r-v2,reports/diffusion_fixed_r/milestones/g3-balanced-rsc-step45000-seed20260925-summary.json
G3-balanced-RSC,50000,0.3039914420763247,0.3331424396953756,0.30895833436399694,0.19369093830411266,fixed-r-v2,reports/diffusion_fixed_r/milestones/g3-balanced-rsc-step50000-seed20260925-summary.json
G3-balanced-RSC,60000,0.3123050933239074,0.34128789739871945,0.31721464401299,0.200455813541102,fixed-r-v2,reports/diffusion_fixed_r/milestones/g3-balanced-rsc-step60000-seed20260925-summary.json
G3-balanced-RSC,70000,0.31997211978733403,0.3503259126906543,0.3256394650868781,0.20620105708537503,fixed-r-v2,reports/diffusion_fixed_r/milestones/g3-balanced-rsc-step70000-seed20260925-summary.json
G4-L4,10000,0.21597791844703404,0.21760557059076951,0.21759759680925533,0.1720546177944998,fixed-r-v2,reports/diffusion_fixed_r/milestones/g4-l4-step10000-seed20260925-summary.json
G4-U4,10000,0.21158823327420173,0.2143261534508611,0.21403500863005676,0.16274186078496886,fixed-r-v2,reports/diffusion_fixed_r/milestones/g4-u4-step10000-seed20260925-summary.json
