dataset,protein,length,step,alpha_bar,contacts,shared_with_truth,added_contacts,missing_truth_contacts,ground_truth_contacts,draw_seed
foldbench_monomer,7y54_A,100,0,1.0,105,105,0,0,105,8507665181791924899
foldbench_monomer,7y54_A,100,1,0.9578046202659607,106,104,2,1,105,3759448089552920553
foldbench_monomer,7y54_A,100,2,0.8470121622085571,92,86,6,19,105,1538264555853881259
foldbench_monomer,7y54_A,100,3,0.6842265725135803,83,68,15,37,105,6249956538301776721
foldbench_monomer,7y54_A,100,4,0.49384358525276184,70,53,17,52,105,5201032502959603869
foldbench_monomer,7y54_A,100,5,0.3043949007987976,59,30,29,75,105,1996162778539522597
foldbench_monomer,7y54_A,100,6,0.1442721039056778,45,16,29,89,105,8488011654851386583
foldbench_monomer,7y54_A,100,7,0.037471953779459,52,3,49,102,105,1018604224686376660
foldbench_monomer,7y54_A,100,8,0.0,50,2,48,103,105,6226172553503022949
foldbench_monomer,8baq_A,208,0,1.0,190,190,0,0,190,1151666478603341296
foldbench_monomer,8baq_A,208,1,0.9578046202659607,192,185,7,5,190,8290010961649626739
foldbench_monomer,8baq_A,208,2,0.8470121622085571,183,161,22,29,190,8086262655633866761
foldbench_monomer,8baq_A,208,3,0.6842265725135803,176,134,42,56,190,8891866623243166967
foldbench_monomer,8baq_A,208,4,0.49384358525276184,167,93,74,97,190,2883435026917739794
foldbench_monomer,8baq_A,208,5,0.3043949007987976,162,65,97,125,190,6482405023379146657
foldbench_monomer,8baq_A,208,6,0.1442721039056778,183,27,156,163,190,267118934668917201
foldbench_monomer,8baq_A,208,7,0.037471953779459,158,9,149,181,190,3861515263026798762
foldbench_monomer,8baq_A,208,8,0.0,178,3,175,187,190,6505598960140095671
foldbench_monomer,8daj_A,302,0,1.0,299,299,0,0,299,4281311825638477849
foldbench_monomer,8daj_A,302,1,0.9578046202659607,293,283,10,16,299,5335584767101703638
foldbench_monomer,8daj_A,302,2,0.8470121622085571,291,257,34,42,299,8420443415510872161
foldbench_monomer,8daj_A,302,3,0.6842265725135803,284,198,86,101,299,4098393085816499043
foldbench_monomer,8daj_A,302,4,0.49384358525276184,294,160,134,139,299,8679501529771233765
foldbench_monomer,8daj_A,302,5,0.3043949007987976,334,89,245,210,299,5493626253193813807
foldbench_monomer,8daj_A,302,6,0.1442721039056778,303,51,252,248,299,4956469628999262261
foldbench_monomer,8daj_A,302,7,0.037471953779459,290,16,274,283,299,4251499946940579611
foldbench_monomer,8daj_A,302,8,0.0,277,2,275,297,299,7158524528077232703
