dataset,stem,eval_set,L,n_rollouts,oracle_r_precision,oracle_long_r_precision,mean_r_precision,mean_long_r_precision,consensus_r_precision,consensus_long_r_precision,oracle_rollout,mean_contacts,unique_maps,mean_pairwise_jaccard,n_true,oracle_curve,inference_seconds
foldbench_monomer,7pv5_A,eval-val,81,100,0.5,0.4666666666666667,0.2953879648791659,0.2581896134581809,0.453125,0.3902439024390244,71,58.52,100,0.13053486085267593,64,"{'1': 0.19298245614035087, '2': 0.36363636363636365, '4': 0.36363636363636365, '8': 0.36363636363636365, '16': 0.4074074074074074, '32': 0.453125, '64': 0.453125, '100': 0.5}",1.1002897219732404
foldbench_monomer,7qp5_A,eval-val,245,100,0.17721518987341772,0.14285714285714285,0.07465546994485477,0.025743660151084,0.14937759336099585,0.048484848484848485,69,130.36,100,0.026001895599729426,241,"{'1': 0.05, '2': 0.05357142857142857, '4': 0.1262135922330097, '8': 0.1328125, '16': 0.1328125, '32': 0.1328125, '64': 0.1328125, '100': 0.17721518987341772}",5.9015703946352005
foldbench_monomer,7qsj_A,eval-val,373,100,0.15591397849462366,0.10185185185185185,0.07285558340533842,0.037699238633880444,0.2017291066282421,0.10619469026548672,72,255.15,100,0.01802522244977122,347,"{'1': 0.04040404040404041, '2': 0.07881773399014778, '4': 0.09375, '8': 0.09375, '16': 0.14218009478672985, '32': 0.14218009478672985, '64': 0.14218009478672985, '100': 0.15591397849462366}",15.444829566404223
foldbench_monomer,7t9r_A,eval-val,38,100,0.4666666666666667,1.0,0.09824047028038142,0.08788095238095239,0.125,0.14285714285714285,84,20.39,100,0.04594172721151968,24,"{'1': 0.041666666666666664, '2': 0.05555555555555555, '4': 0.1111111111111111, '8': 0.2916666666666667, '16': 0.2916666666666667, '32': 0.2916666666666667, '64': 0.2916666666666667, '100': 0.4666666666666667}",1.0134614291600883
foldbench_monomer,7tjb_A,eval-val,227,100,0.2898550724637681,0.2846153846153846,0.18624553799636845,0.16653985121374482,0.3333333333333333,0.31343283582089554,45,155.69,100,0.07406319495656355,201,"{'1': 0.15853658536585366, '2': 0.22900763358778625, '4': 0.22900763358778625, '8': 0.2624113475177305, '16': 0.2624113475177305, '32': 0.2624113475177305, '64': 0.2898550724637681, '100': 0.2898550724637681}",5.1113785724155605
foldbench_monomer,7tlh_A,eval-val,136,100,0.16981132075471697,0.1875,0.05951269603568885,0.043472393416467775,0.08771929824561403,0.06493506493506493,86,57.74,100,0.017383101045561053,114,"{'1': 0.02564102564102564, '2': 0.05, '4': 0.09302325581395349, '8': 0.16666666666666666, '16': 0.16666666666666666, '32': 0.16666666666666666, '64': 0.16666666666666666, '100': 0.16981132075471697}",1.8871826203539968
foldbench_monomer,7uba_A,eval-val,213,100,0.24193548387096775,0.2619047619047619,0.09745798638901432,0.054644835569061495,0.13942307692307693,0.0948905109489051,48,109.18,100,0.03334710815859974,208,"{'1': 0.08695652173913043, '2': 0.08695652173913043, '4': 0.1320754716981132, '8': 0.1320754716981132, '16': 0.22340425531914893, '32': 0.22340425531914893, '64': 0.24193548387096775, '100': 0.24193548387096775}",4.498954182956368
foldbench_monomer,7uk8_A,eval-val,394,100,0.10328638497652583,0.0755813953488372,0.052861442361856276,0.03072546170105177,0.12927756653992395,0.06030150753768844,28,295.14,100,0.020424617102257448,526,"{'1': 0.04918032786885246, '2': 0.04918032786885246, '4': 0.075, '8': 0.075, '16': 0.0847457627118644, '32': 0.10328638497652583, '64': 0.10328638497652583, '100': 0.10328638497652583}",18.07604483095929
foldbench_monomer,7ur2_A,eval-val,195,100,0.22857142857142856,0.2631578947368421,0.09165729338444514,0.08751886625918782,0.17518248175182483,0.15178571428571427,70,109.93,100,0.043455017128659616,137,"{'1': 0.10465116279069768, '2': 0.10465116279069768, '4': 0.14655172413793102, '8': 0.14655172413793102, '16': 0.14655172413793102, '32': 0.14655172413793102, '64': 0.1780821917808219, '100': 0.22857142857142856}",3.488815256860107
foldbench_monomer,7urp_A,eval-val,160,100,0.22340425531914893,0.20754716981132076,0.09207247239491359,0.07996841379990147,0.22388059701492538,0.19387755102040816,60,95.01,100,0.030728605527272433,134,"{'1': 0.09009009009009009, '2': 0.09009009009009009, '4': 0.15730337078651685, '8': 0.15730337078651685, '16': 0.15730337078651685, '32': 0.15730337078651685, '64': 0.22340425531914893, '100': 0.22340425531914893}",2.026796163059771
foldbench_monomer,7uvg_A,eval-val,183,100,0.22018348623853212,0.2619047619047619,0.08989956417688574,0.08744529674140177,0.1853932584269663,0.15625,64,107.33,100,0.044324491412285595,178,"{'1': 0.12264150943396226, '2': 0.12264150943396226, '4': 0.12264150943396226, '8': 0.12264150943396226, '16': 0.15503875968992248, '32': 0.15503875968992248, '64': 0.17117117117117117, '100': 0.22018348623853212}",2.9264333662576973
foldbench_monomer,7uww_A,eval-val,635,100,0.061052631578947365,0.02531645569620253,0.035733070066972406,0.010896623468240276,0.10533910533910534,0.014767932489451477,79,512.38,100,0.015021569400133217,693,"{'1': 0.05964214711729622, '2': 0.05964214711729622, '4': 0.05964214711729622, '8': 0.05964214711729622, '16': 0.05964214711729622, '32': 0.05964214711729622, '64': 0.05964214711729622, '100': 0.061052631578947365}",60.19860879005864
foldbench_monomer,7v3o_A,eval-val,328,100,0.10434782608695652,0.07692307692307693,0.05066543276756472,0.01813746920972084,0.10294117647058823,0.0427807486631016,91,194.81,100,0.016746776125535833,272,"{'1': 0.046875, '2': 0.046875, '4': 0.046875, '8': 0.07514450867052024, '16': 0.09271523178807947, '32': 0.09375, '64': 0.09395973154362416, '100': 0.10434782608695652}",9.847999568097293
foldbench_monomer,7w15_A,eval-val,302,100,0.14084507042253522,0.1134020618556701,0.08158831928239446,0.03560620264219183,0.20462046204620463,0.12690355329949238,75,189.2,100,0.025709588217326447,303,"{'1': 0.06403940886699508, '2': 0.06578947368421052, '4': 0.09278350515463918, '8': 0.105, '16': 0.12030075187969924, '32': 0.12030075187969924, '64': 0.12222222222222222, '100': 0.14084507042253522}",9.08635033480823
foldbench_monomer,7wz5_A,eval-val,161,100,0.1016949152542373,0.18181818181818182,0.030482294195157914,0.026827792001071656,0.061946902654867256,0.05825242718446602,69,78.72,100,0.024531733991401627,113,"{'1': 0.03333333333333333, '2': 0.03571428571428571, '4': 0.03571428571428571, '8': 0.07368421052631578, '16': 0.09090909090909091, '32': 0.09090909090909091, '64': 0.09090909090909091, '100': 0.1016949152542373}",2.2606593146920204
foldbench_monomer,7wzm_A,eval-val,492,100,0.0946969696969697,0.05154639175257732,0.03997731449008233,0.01794924609828976,0.09868421052631579,0.041791044776119404,97,358.98,100,0.015816441066648212,456,"{'1': 0.043227665706051875, '2': 0.0453257790368272, '4': 0.04941860465116279, '8': 0.05245901639344262, '16': 0.06309148264984227, '32': 0.06309148264984227, '64': 0.06687898089171974, '100': 0.0946969696969697}",30.691531263757497
foldbench_monomer,7x3h_A,eval-val,290,100,0.2028301886792453,0.16,0.12254751727836882,0.06891118170890678,0.23648648648648649,0.15306122448979592,74,193.98,100,0.039789843112815845,296,"{'1': 0.07738095238095238, '2': 0.10497237569060773, '4': 0.14285714285714285, '8': 0.15862068965517243, '16': 0.16167664670658682, '32': 0.17415730337078653, '64': 0.18994413407821228, '100': 0.2028301886792453}",8.364767630118877
foldbench_monomer,7x4p_A,eval-val,307,100,0.14659685863874344,0.10256410256410256,0.07335702750884715,0.04459125973722092,0.17117117117117117,0.1037344398340249,80,197.06,100,0.025282287393845755,333,"{'1': 0.08854166666666667, '2': 0.08854166666666667, '4': 0.08854166666666667, '8': 0.09947643979057591, '16': 0.09947643979057591, '32': 0.11464968152866242, '64': 0.12041884816753927, '100': 0.14659685863874344}",9.468220026697963
foldbench_monomer,7x8l_A,eval-val,514,100,0.07207207207207207,0.06752411575562701,0.03670974512676483,0.027010998356710343,0.1,0.08409090909090909,33,431.4,100,0.017954254702608155,580,"{'1': 0.037199124726477024, '2': 0.037199124726477024, '4': 0.037199124726477024, '8': 0.03800475059382423, '16': 0.0472636815920398, '32': 0.0550098231827112, '64': 0.07207207207207207, '100': 0.07207207207207207}",35.0393689321354
foldbench_monomer,7xcd_A,eval-val,178,100,0.17333333333333334,0.14285714285714285,0.06938882077525879,0.04544140767979168,0.16216216216216217,0.11650485436893204,86,93.97,100,0.02949815871788005,148,"{'1': 0.05042016806722689, '2': 0.13953488372093023, '4': 0.13953488372093023, '8': 0.13953488372093023, '16': 0.13953488372093023, '32': 0.13953488372093023, '64': 0.13953488372093023, '100': 0.17333333333333334}",2.7241128059104085
foldbench_monomer,7xg9_A,eval-val,288,100,0.2122905027932961,0.2366412213740458,0.14190684344352866,0.14486193136464165,0.23236514522821577,0.208955223880597,6,170.29,100,0.07484994243356442,241,"{'1': 0.1016949152542373, '2': 0.1016949152542373, '4': 0.1566265060240964, '8': 0.2122905027932961, '16': 0.2122905027932961, '32': 0.2122905027932961, '64': 0.2122905027932961, '100': 0.2122905027932961}",7.20747770415619
foldbench_monomer,7xi5_A,eval-val,65,100,0.7407407407407407,0.875,0.536318574986764,0.4882202827011012,0.6190476190476191,0.5652173913043478,73,40.22,100,0.34165609476731995,42,"{'1': 0.4722222222222222, '2': 0.4722222222222222, '4': 0.5135135135135135, '8': 0.6190476190476191, '16': 0.6190476190476191, '32': 0.6341463414634146, '64': 0.72, '100': 0.7407407407407407}",0.7080257809720933
foldbench_monomer,7xjr_A,eval-val,337,100,0.2,0.20567375886524822,0.12766431174161202,0.13112043698262194,0.24858757062146894,0.24,37,245.22,100,0.049464279596226346,354,"{'1': 0.15668202764976957, '2': 0.15668202764976957, '4': 0.15668202764976957, '8': 0.1951219512195122, '16': 0.1951219512195122, '32': 0.1951219512195122, '64': 0.2, '100': 0.2}",12.074047765228897
foldbench_monomer,7xlz_A,eval-val,266,100,0.2288135593220339,0.10752688172043011,0.07696853118690199,0.037449495839657974,0.1509433962264151,0.08045977011494253,91,160.76,100,0.037104500346459214,265,"{'1': 0.09090909090909091, '2': 0.14814814814814814, '4': 0.14814814814814814, '8': 0.14814814814814814, '16': 0.14814814814814814, '32': 0.16666666666666666, '64': 0.16666666666666666, '100': 0.2288135593220339}",6.909839556086808
foldbench_monomer,7xp9_A,eval-val,84,100,0.4,0.5,0.16847303184018492,0.11027376189454192,0.3333333333333333,0.2962962962962963,26,38.9,100,0.08163600425574159,45,"{'1': 0.13953488372093023, '2': 0.13953488372093023, '4': 0.35714285714285715, '8': 0.35714285714285715, '16': 0.37037037037037035, '32': 0.4, '64': 0.4, '100': 0.4}",0.736236693803221
foldbench_monomer,7xq4_A,eval-val,514,100,0.06006006006006006,0.03409090909090909,0.03737191432404716,0.015128801602168946,0.09745762711864407,0.011940298507462687,64,402.69,100,0.014936506905231782,472,"{'1': 0.056847545219638244, '2': 0.056847545219638244, '4': 0.056847545219638244, '8': 0.056847545219638244, '16': 0.056847545219638244, '32': 0.05917159763313609, '64': 0.05917159763313609, '100': 0.06006006006006006}",35.04849662212655
foldbench_monomer,7xrx_A,eval-val,398,100,0.08152173913043478,0.06338028169014084,0.043163896306670446,0.014782944150298285,0.09595959595959595,0.026490066225165563,36,198.7,100,0.017220261194852066,396,"{'1': 0.024390243902439025, '2': 0.03910614525139665, '4': 0.06428571428571428, '8': 0.07936507936507936, '16': 0.07936507936507936, '32': 0.07936507936507936, '64': 0.08152173913043478, '100': 0.08152173913043478}",18.070287329144776
foldbench_monomer,7xyr_A,eval-val,591,100,0.08174386920980926,0.03618421052631579,0.047307868063927484,0.01287576711634061,0.09193776520509193,0.017077798861480076,62,461.31,100,0.01477109105060941,707,"{'1': 0.05142857142857143, '2': 0.055401662049861494, '4': 0.055401662049861494, '8': 0.07588075880758807, '16': 0.07588075880758807, '32': 0.07588075880758807, '64': 0.08174386920980926, '100': 0.08174386920980926}",50.9255756912753
foldbench_monomer,7xz3_A,eval-val,325,100,0.15503875968992248,0.1509433962264151,0.05833196935547676,0.04141871582689572,0.12341772151898735,0.08267716535433071,23,180.63,100,0.015641724023723082,316,"{'1': 0.046511627906976744, '2': 0.08888888888888889, '4': 0.08888888888888889, '8': 0.09696969696969697, '16': 0.12878787878787878, '32': 0.15503875968992248, '64': 0.15503875968992248, '100': 0.15503875968992248}",11.141911946702749
foldbench_monomer,7y3h_A,eval-val,413,100,0.17560975609756097,0.09448818897637795,0.08953165052279687,0.044473345589788715,0.22435897435897437,0.1507537688442211,33,256.02,100,0.03148141300604072,312,"{'1': 0.08712121212121213, '2': 0.08712121212121213, '4': 0.10416666666666667, '8': 0.12807881773399016, '16': 0.12807881773399016, '32': 0.12807881773399016, '64': 0.17560975609756097, '100': 0.17560975609756097}",19.812112883199006
foldbench_monomer,7y4h_A,eval-val,338,100,0.23943661971830985,0.24666666666666667,0.15638740467588905,0.14863461860885344,0.290625,0.2831858407079646,8,242.59,100,0.05998743161774255,320,"{'1': 0.15315315315315314, '2': 0.16872427983539096, '4': 0.182648401826484, '8': 0.1965065502183406, '16': 0.23943661971830985, '32': 0.23943661971830985, '64': 0.23943661971830985, '100': 0.23943661971830985}",12.151272532064468
foldbench_monomer,7y54_A,eval-val,100,100,0.4918032786885246,0.5135135135135135,0.25131290048141575,0.26340892690288004,0.37142857142857144,0.39655172413793105,55,68.5,100,0.09344735218051302,105,"{'1': 0.34285714285714286, '2': 0.34285714285714286, '4': 0.34285714285714286, '8': 0.3855421686746988, '16': 0.3855421686746988, '32': 0.4117647058823529, '64': 0.4918032786885246, '100': 0.4918032786885246}",0.9117567702196538
foldbench_monomer,7y5j_A,eval-val,102,100,0.4473684210526316,0.5405405405405406,0.26794965061604653,0.27902567349054413,0.3516483516483517,0.36,61,77.2,100,0.15218013610273773,91,"{'1': 0.234375, '2': 0.234375, '4': 0.3466666666666667, '8': 0.3815789473684211, '16': 0.3815789473684211, '32': 0.3815789473684211, '64': 0.4473684210526316, '100': 0.4473684210526316}",0.9281509760767221
foldbench_monomer,7y5m_A,eval-val,170,100,0.16091954022988506,0.20408163265306123,0.07182236107582857,0.04909842975647595,0.19594594594594594,0.14018691588785046,58,86.95,100,0.021694728330974078,148,"{'1': 0.10714285714285714, '2': 0.10714285714285714, '4': 0.10714285714285714, '8': 0.10714285714285714, '16': 0.10714285714285714, '32': 0.14, '64': 0.16091954022988506, '100': 0.16091954022988506}",2.503279538359493
foldbench_monomer,7y5r_A,eval-val,105,100,0.38961038961038963,0.38,0.23794387991026142,0.2111427363139672,0.41237113402061853,0.35,38,75.58,100,0.08993920987621164,97,"{'1': 0.2676056338028169, '2': 0.2676056338028169, '4': 0.2676056338028169, '8': 0.3194444444444444, '16': 0.3194444444444444, '32': 0.3561643835616438, '64': 0.38961038961038963, '100': 0.38961038961038963}",0.9772664117626846
foldbench_monomer,7y8h_A,eval-val,100,100,0.5423728813559322,0.5806451612903226,0.31061146972669595,0.2835533577246839,0.43373493975903615,0.40816326530612246,14,74.27,100,0.14054751300461513,83,"{'1': 0.36231884057971014, '2': 0.36231884057971014, '4': 0.36363636363636365, '8': 0.39705882352941174, '16': 0.5423728813559322, '32': 0.5423728813559322, '64': 0.5423728813559322, '100': 0.5423728813559322}",0.9112552548758686
foldbench_monomer,7y8i_A,eval-val,97,100,0.5964912280701754,0.5833333333333334,0.3865163645348446,0.3637230843137286,0.6024096385542169,0.574468085106383,6,77.06,100,0.12828061773059132,83,"{'1': 0.4177215189873418, '2': 0.4177215189873418, '4': 0.4533333333333333, '8': 0.5964912280701754, '16': 0.5964912280701754, '32': 0.5964912280701754, '64': 0.5964912280701754, '100': 0.5964912280701754}",0.8693814123980701
foldbench_monomer,7yd4_A,eval-val,185,100,0.2112676056338028,0.25806451612903225,0.08031558821288065,0.07654132621062067,0.14788732394366197,0.1782178217821782,78,87.91,100,0.024954206815674097,142,"{'1': 0.16216216216216217, '2': 0.16216216216216217, '4': 0.16216216216216217, '8': 0.16216216216216217, '16': 0.16216216216216217, '32': 0.16216216216216217, '64': 0.18518518518518517, '100': 0.2112676056338028}",2.981450868304819
foldbench_monomer,7yhr_A,eval-val,60,100,0.6551724137931034,0.7272727272727273,0.32800928723357925,0.23678309111059145,0.4634146341463415,0.34782608695652173,24,30.49,100,0.1373092495914395,41,"{'1': 0.2727272727272727, '2': 0.3076923076923077, '4': 0.3333333333333333, '8': 0.4482758620689655, '16': 0.4482758620689655, '32': 0.6551724137931034, '64': 0.6551724137931034, '100': 0.6551724137931034}",0.6407776470296085
foldbench_monomer,7ykm_A,eval-val,105,100,0.45,0.5454545454545454,0.1654833310367804,0.15361703333422227,0.32727272727272727,0.35294117647058826,78,52.3,100,0.0492841380405175,55,"{'1': 0.11904761904761904, '2': 0.11904761904761904, '4': 0.2894736842105263, '8': 0.2894736842105263, '16': 0.2894736842105263, '32': 0.34375, '64': 0.34375, '100': 0.45}",0.9680163748562336
foldbench_monomer,7ylr_A,eval-val,330,100,0.2647058823529412,0.21428571428571427,0.16959533710719707,0.12305627621556757,0.3076923076923077,0.23140495867768596,82,216.88,100,0.05676746024214924,364,"{'1': 0.19428571428571428, '2': 0.19428571428571428, '4': 0.21120689655172414, '8': 0.21120689655172414, '16': 0.22009569377990432, '32': 0.22009569377990432, '64': 0.2304147465437788, '100': 0.2647058823529412}",11.520926226396114
foldbench_monomer,7yug_A,eval-val,118,100,0.3333333333333333,0.3333333333333333,0.13837126403564068,0.04033138024917067,0.22340425531914893,0.04,83,57.25,100,0.050892349859675216,94,"{'1': 0.1323529411764706, '2': 0.13725490196078433, '4': 0.21818181818181817, '8': 0.23214285714285715, '16': 0.23214285714285715, '32': 0.2926829268292683, '64': 0.2926829268292683, '100': 0.3333333333333333}",1.1580464709550142
foldbench_monomer,7yyg_A,eval-val,365,100,0.25806451612903225,0.21739130434782608,0.10732415230646142,0.06353160742507524,0.23076923076923078,0.15714285714285714,2,159.27,100,0.026633807815630767,221,"{'1': 0.2087912087912088, '2': 0.2087912087912088, '4': 0.25806451612903225, '8': 0.25806451612903225, '16': 0.25806451612903225, '32': 0.25806451612903225, '64': 0.25806451612903225, '100': 0.25806451612903225}",14.384741118643433
foldbench_monomer,7z65_A,eval-val,283,100,0.25396825396825395,0.2890625,0.15886269486882942,0.16776960014671566,0.24375,0.2548262548262548,67,206.76,100,0.06951881419789313,320,"{'1': 0.1932367149758454, '2': 0.205, '4': 0.205, '8': 0.205, '16': 0.205, '32': 0.2138728323699422, '64': 0.22395833333333334, '100': 0.25396825396825395}",7.944423933979124
foldbench_monomer,7znz_A,eval-val,761,100,0.039097744360902256,0.016304347826086956,0.022149529426391732,0.008308385636029161,0.07618025751072961,0.016296296296296295,9,619.77,100,0.00845886899422957,932,"{'1': 0.027287319422150885, '2': 0.027287319422150885, '4': 0.027287319422150885, '8': 0.027287319422150885, '16': 0.039097744360902256, '32': 0.039097744360902256, '64': 0.039097744360902256, '100': 0.039097744360902256}",100.10387724405155
foldbench_monomer,7zoi_A,eval-val,151,100,0.2597402597402597,0.125,0.13046698855223457,0.03701103887843047,0.24545454545454545,0.07692307692307693,35,97.06,100,0.05413974408993146,110,"{'1': 0.06349206349206349, '2': 0.07692307692307693, '4': 0.09876543209876543, '8': 0.16455696202531644, '16': 0.18823529411764706, '32': 0.22666666666666666, '64': 0.2597402597402597, '100': 0.2597402597402597}",2.0048535601235926
foldbench_monomer,7zs2_A,eval-val,316,100,0.15,0.0898876404494382,0.06465146372461217,0.02629169300812176,0.17937219730941703,0.08633093525179857,91,138.06,100,0.022509052367596098,223,"{'1': 0.0625, '2': 0.08, '4': 0.10559006211180125, '8': 0.10559006211180125, '16': 0.13333333333333333, '32': 0.13333333333333333, '64': 0.13740458015267176, '100': 0.15}",9.999083233997226
foldbench_monomer,7zu3_A,eval-val,132,100,0.15625,0.25,0.05349179926711127,0.026564671651225655,0.11956521739130435,0.03278688524590164,29,71.26,100,0.03206424517561446,92,"{'1': 0.04, '2': 0.09876543209876543, '4': 0.09876543209876543, '8': 0.09876543209876543, '16': 0.09876543209876543, '32': 0.15625, '64': 0.15625, '100': 0.15625}",1.5534393382258713
foldbench_monomer,7zv1_A,eval-val,136,100,0.375,0.25,0.1399412292538277,0.061276989229891006,0.1891891891891892,0.08108108108108109,76,65.5,100,0.06388260195185759,111,"{'1': 0.2222222222222222, '2': 0.23404255319148937, '4': 0.23404255319148937, '8': 0.23404255319148937, '16': 0.23404255319148937, '32': 0.23404255319148937, '64': 0.23404255319148937, '100': 0.375}",1.5206254660151899
foldbench_monomer,8adc_A,eval-val,215,100,0.17333333333333334,0.10256410256410256,0.07388120038629696,0.024112090443361045,0.1588235294117647,0.05714285714285714,78,115.81,100,0.028077565549225355,170,"{'1': 0.06611570247933884, '2': 0.07608695652173914, '4': 0.13533834586466165, '8': 0.13533834586466165, '16': 0.13533834586466165, '32': 0.15873015873015872, '64': 0.15873015873015872, '100': 0.17333333333333334}",4.214621387887746
foldbench_monomer,8add_A,eval-val,213,100,0.14736842105263157,0.0958904109589041,0.06230672929287645,0.022893753733946805,0.11904761904761904,0.06944444444444445,54,105.06,100,0.017426040634521606,210,"{'1': 0.06741573033707865, '2': 0.06741573033707865, '4': 0.06741573033707865, '8': 0.0963855421686747, '16': 0.1323529411764706, '32': 0.13953488372093023, '64': 0.14736842105263157, '100': 0.14736842105263157}",4.145809769630432
foldbench_monomer,8ak2_A,eval-val,297,100,0.07865168539325842,0.06976744186046512,0.04181509375867773,0.021788358094492786,0.09235668789808917,0.05240174672489083,51,200.92,100,0.016585386606556566,314,"{'1': 0.05517241379310345, '2': 0.05517241379310345, '4': 0.05517241379310345, '8': 0.07692307692307693, '16': 0.07692307692307693, '32': 0.07692307692307693, '64': 0.07865168539325842, '100': 0.07865168539325842}",8.830064516980201
foldbench_monomer,8akh_A,eval-val,374,100,0.09826589595375723,0.09090909090909091,0.04383762393779536,0.02591852213363683,0.09345794392523364,0.07423580786026202,87,208.02,100,0.013855710301483026,321,"{'1': 0.06077348066298342, '2': 0.06077348066298342, '4': 0.06077348066298342, '8': 0.08571428571428572, '16': 0.08571428571428572, '32': 0.08943089430894309, '64': 0.08943089430894309, '100': 0.09826589595375723}",15.137828384991735
foldbench_monomer,8amo_A,eval-val,399,100,0.09375,0.06842105263157895,0.04212516534005442,0.0175389799865642,0.10773480662983426,0.03861003861003861,50,259.96,100,0.017366183412827904,362,"{'1': 0.06, '2': 0.06, '4': 0.06, '8': 0.06278026905829596, '16': 0.06278026905829596, '32': 0.07829181494661921, '64': 0.09375, '100': 0.09375}",18.330929690040648
foldbench_monomer,8arl_A,eval-val,246,100,0.12162162162162163,0.19444444444444445,0.04463340486395693,0.02746875697071667,0.07307692307692308,0.05504587155963303,62,136.16,100,0.024831726983839387,260,"{'1': 0.038461538461538464, '2': 0.0547945205479452, '4': 0.0547945205479452, '8': 0.12048192771084337, '16': 0.12048192771084337, '32': 0.12048192771084337, '64': 0.12162162162162163, '100': 0.12162162162162163}",5.547733173239976
foldbench_monomer,8au6_A,eval-val,321,100,0.1702127659574468,0.125,0.0772367840414445,0.045339344388942215,0.18452380952380953,0.1271186440677966,6,118.57,100,0.02829358416286077,168,"{'1': 0.01652892561983471, '2': 0.13043478260869565, '4': 0.13043478260869565, '8': 0.1702127659574468, '16': 0.1702127659574468, '32': 0.1702127659574468, '64': 0.1702127659574468, '100': 0.1702127659574468}",10.845844347029924
foldbench_monomer,8axj_A,eval-val,162,100,0.46774193548387094,0.4772727272727273,0.3658658912943967,0.32002861450443043,0.48951048951048953,0.42857142857142855,57,134.1,100,0.22503141380639852,143,"{'1': 0.4205607476635514, '2': 0.4205607476635514, '4': 0.4205607476635514, '8': 0.4205607476635514, '16': 0.42857142857142855, '32': 0.42857142857142855, '64': 0.46774193548387094, '100': 0.46774193548387094}",2.274944762699306
foldbench_monomer,8azb_A,eval-val,521,100,0.06948640483383686,0.04583333333333333,0.03933351673011329,0.008897536559219217,0.11073253833049404,0.01240694789081886,45,355.03,100,0.01557386373875813,587,"{'1': 0.02608695652173913, '2': 0.03211009174311927, '4': 0.06451612903225806, '8': 0.06643356643356643, '16': 0.06643356643356643, '32': 0.06643356643356643, '64': 0.06948640483383686, '100': 0.06948640483383686}",36.421509351115674
foldbench_monomer,8b2e_A,eval-val,143,100,0.18518518518518517,0.18181818181818182,0.07965461670247091,0.03597753941739563,0.12307692307692308,0.08,65,57.6,100,0.023132112947135373,130,"{'1': 0.023255813953488372, '2': 0.07142857142857142, '4': 0.10638297872340426, '8': 0.10638297872340426, '16': 0.10638297872340426, '32': 0.16666666666666666, '64': 0.16666666666666666, '100': 0.18518518518518517}",1.8126564640551805
foldbench_monomer,8b2g_A,eval-val,74,100,0.25,0.3333333333333333,0.09795042828517142,0.0676335534950086,0.1864406779661017,0.22727272727272727,74,37.79,100,0.042341413804877145,59,"{'1': 0.03333333333333333, '2': 0.09375, '4': 0.09375, '8': 0.12121212121212122, '16': 0.15151515151515152, '32': 0.16666666666666666, '64': 0.21875, '100': 0.25}",0.7264678929932415
foldbench_monomer,8b2s_A,eval-val,245,100,0.17333333333333334,0.12962962962962962,0.06230167651363128,0.03538751912542244,0.12903225806451613,0.08333333333333333,53,96.21,100,0.020133178764162013,186,"{'1': 0.04807692307692308, '2': 0.05555555555555555, '4': 0.07291666666666667, '8': 0.16279069767441862, '16': 0.16279069767441862, '32': 0.16279069767441862, '64': 0.17333333333333334, '100': 0.17333333333333334}",5.563331302255392
foldbench_monomer,8b4u_A,eval-val,277,100,0.24516129032258063,0.21621621621621623,0.13048513446587592,0.1137824653811175,0.23443223443223443,0.1919191919191919,59,190.99,100,0.05621097039930701,273,"{'1': 0.12290502793296089, '2': 0.13736263736263737, '4': 0.13736263736263737, '8': 0.21081081081081082, '16': 0.21081081081081082, '32': 0.21081081081081082, '64': 0.24516129032258063, '100': 0.24516129032258063}",7.576269147917628
foldbench_monomer,8b5w_A,eval-val,459,100,0.09693877551020408,0.10975609756097561,0.04364410559584584,0.029914616657005188,0.1,0.07581227436823104,90,300.2,100,0.01289234873719459,370,"{'1': 0.057803468208092484, '2': 0.057803468208092484, '4': 0.057803468208092484, '8': 0.07518796992481203, '16': 0.07518796992481203, '32': 0.07518796992481203, '64': 0.07865168539325842, '100': 0.09693877551020408}",26.21523626195267
foldbench_monomer,8b61_A,eval-val,238,100,0.12686567164179105,0.09859154929577464,0.06450954216620476,0.028622406515908718,0.16037735849056603,0.06976744186046512,4,163.6,100,0.026307156144535847,212,"{'1': 0.07006369426751592, '2': 0.07006369426751592, '4': 0.07006369426751592, '8': 0.12686567164179105, '16': 0.12686567164179105, '32': 0.12686567164179105, '64': 0.12686567164179105, '100': 0.12686567164179105}",5.187477188184857
foldbench_monomer,8b6a_A,eval-val,214,100,0.23595505617977527,0.13725490196078433,0.11725169733784391,0.04025932526421441,0.18974358974358974,0.059322033898305086,9,112.36,100,0.03888968208582794,195,"{'1': 0.07317073170731707, '2': 0.10909090909090909, '4': 0.21, '8': 0.21, '16': 0.23595505617977527, '32': 0.23595505617977527, '64': 0.23595505617977527, '100': 0.23595505617977527}",4.155172297265381
foldbench_monomer,8b6e_A,eval-val,66,100,0.5416666666666666,0.6666666666666666,0.2393777648336645,0.14223332786064985,0.3181818181818182,0.3157894736842105,55,26.92,100,0.07317815263259189,44,"{'1': 0.2608695652173913, '2': 0.38095238095238093, '4': 0.38095238095238093, '8': 0.38095238095238093, '16': 0.45, '32': 0.45, '64': 0.5416666666666666, '100': 0.5416666666666666}",0.6854490581899881
foldbench_monomer,8baq_A,eval-val,208,100,0.07874015748031496,0.07575757575757576,0.035921882728641635,0.022975194576519038,0.05789473684210526,0.0364963503649635,33,131.1,100,0.02000801884708792,190,"{'1': 0.04, '2': 0.04, '4': 0.04225352112676056, '8': 0.04424778761061947, '16': 0.06796116504854369, '32': 0.06796116504854369, '64': 0.07874015748031496, '100': 0.07874015748031496}",3.54462411114946
foldbench_monomer,8bau_A,eval-val,189,100,0.171875,0.12121212121212122,0.08600153815844305,0.027262640902076734,0.16267942583732056,0.03546099290780142,35,106.97,100,0.030136853871171775,209,"{'1': 0.11458333333333333, '2': 0.11458333333333333, '4': 0.11458333333333333, '8': 0.11458333333333333, '16': 0.15555555555555556, '32': 0.15555555555555556, '64': 0.171875, '100': 0.171875}",3.0853433879092336
foldbench_monomer,8bfy_A,eval-val,426,100,0.07692307692307693,0.058823529411764705,0.04046807432680901,0.01929823425502989,0.11142061281337047,0.04887218045112782,55,254.61,100,0.019446774126245805,359,"{'1': 0.03619909502262444, '2': 0.03619909502262444, '4': 0.04433497536945813, '8': 0.05, '16': 0.07258064516129033, '32': 0.07258064516129033, '64': 0.07692307692307693, '100': 0.07692307692307693}",21.17429032595828
foldbench_monomer,8bgb_A,eval-val,131,100,0.3076923076923077,0.15,0.09386437150266724,0.0260652172647288,0.16831683168316833,0.06896551724137931,40,60.04,100,0.03052591694521521,101,"{'1': 0.09090909090909091, '2': 0.10810810810810811, '4': 0.19607843137254902, '8': 0.19607843137254902, '16': 0.19607843137254902, '32': 0.19607843137254902, '64': 0.3076923076923077, '100': 0.3076923076923077}",1.5273335580714047
foldbench_monomer,8bke_A,eval-val,638,100,0.13924050632911392,0.14163090128755365,0.08897810016695124,0.07953001796364138,0.20040485829959515,0.2006079027355623,18,692.81,100,0.02426007641883816,494,"{'1': 0.11314984709480122, '2': 0.11314984709480122, '4': 0.11314984709480122, '8': 0.125, '16': 0.12693498452012383, '32': 0.13924050632911392, '64': 0.13924050632911392, '100': 0.13924050632911392}",61.60869889520109
foldbench_monomer,8bsb_A,eval-val,177,100,0.5142857142857142,0.6190476190476191,0.20520763546011625,0.2142423012925056,0.45217391304347826,0.4574468085106383,67,79.07,100,0.045759381667573935,115,"{'1': 0.20224719101123595, '2': 0.24074074074074073, '4': 0.24074074074074073, '8': 0.24074074074074073, '16': 0.35, '32': 0.45614035087719296, '64': 0.45614035087719296, '100': 0.5142857142857142}",2.7237085360102355
foldbench_monomer,8bux_A,eval-val,334,100,0.11494252873563218,0.08450704225352113,0.04668150249289396,0.018496407290464784,0.075,0.03954802259887006,39,130.56,100,0.019458642337587713,240,"{'1': 0.028846153846153848, '2': 0.038461538461538464, '4': 0.04040404040404041, '8': 0.07692307692307693, '16': 0.07692307692307693, '32': 0.10112359550561797, '64': 0.11494252873563218, '100': 0.11494252873563218}",11.78868200443685
foldbench_monomer,8c4d_A,eval-val,330,100,0.10344827586206896,0.13793103448275862,0.046493608747774175,0.03289277197232765,0.0611353711790393,0.045714285714285714,98,201.92,100,0.016492741818351753,229,"{'1': 0.033707865168539325, '2': 0.033707865168539325, '4': 0.08, '8': 0.08, '16': 0.08, '32': 0.09722222222222222, '64': 0.09722222222222222, '100': 0.10344827586206896}",11.504696996416897
foldbench_monomer,8c4y_A,eval-val,314,100,0.16230366492146597,0.1574074074074074,0.10578055037960157,0.08998284623529795,0.16621983914209115,0.0958904109589041,78,182.43,100,0.044037565810250784,373,"{'1': 0.07865168539325842, '2': 0.12244897959183673, '4': 0.12244897959183673, '8': 0.12849162011173185, '16': 0.1523809523809524, '32': 0.16, '64': 0.16, '100': 0.16230366492146597}",9.862933214753866
foldbench_monomer,8cba_A,eval-val,214,100,0.21428571428571427,0.18,0.08263207477890724,0.03981066680570737,0.15918367346938775,0.06535947712418301,82,122.22,100,0.03132284280965875,245,"{'1': 0.051094890510948905, '2': 0.06, '4': 0.08208955223880597, '8': 0.13333333333333333, '16': 0.13333333333333333, '32': 0.13333333333333333, '64': 0.14150943396226415, '100': 0.21428571428571427}",4.166912653017789
foldbench_monomer,8ci9_A,eval-val,312,100,0.10344827586206896,0.07042253521126761,0.04878719932240976,0.0218849538178418,0.10979228486646884,0.07003891050583658,4,172.99,100,0.016925198370974736,337,"{'1': 0.027624309392265192, '2': 0.045454545454545456, '4': 0.046948356807511735, '8': 0.10344827586206896, '16': 0.10344827586206896, '32': 0.10344827586206896, '64': 0.10344827586206896, '100': 0.10344827586206896}",8.514904118143022
foldbench_monomer,8cih_A,eval-val,214,100,0.35714285714285715,0.391304347826087,0.09982031332102775,0.10819223721262348,0.22784810126582278,0.22900763358778625,8,75.0,100,0.030734453271159014,158,"{'1': 0.10526315789473684, '2': 0.10526315789473684, '4': 0.11363636363636363, '8': 0.18888888888888888, '16': 0.35714285714285715, '32': 0.35714285714285715, '64': 0.35714285714285715, '100': 0.35714285714285715}",4.153100453317165
foldbench_monomer,8cpk_A,eval-val,384,100,0.17391304347826086,0.19130434782608696,0.10554172776266418,0.1046562029727108,0.21529745042492918,0.18359375,46,280.33,100,0.056464630247331095,353,"{'1': 0.071875, '2': 0.09926470588235294, '4': 0.11186440677966102, '8': 0.11186440677966102, '16': 0.12916666666666668, '32': 0.14545454545454545, '64': 0.17391304347826086, '100': 0.17391304347826086}",13.772759557701647
foldbench_monomer,8cpn_A,eval-val,207,100,0.27848101265822783,0.2692307692307692,0.13740405174604012,0.058438088917626,0.23809523809523808,0.17272727272727273,64,136.51,100,0.040190419721120384,168,"{'1': 0.22535211267605634, '2': 0.22535211267605634, '4': 0.22535211267605634, '8': 0.22535211267605634, '16': 0.22535211267605634, '32': 0.25882352941176473, '64': 0.2636363636363636, '100': 0.27848101265822783}",3.900784742087126
foldbench_monomer,8d2z_A,eval-val,327,100,0.14646464646464646,0.13541666666666666,0.08042521588791343,0.04851255193098129,0.21474358974358973,0.15165876777251186,31,208.14,100,0.021243489095375025,312,"{'1': 0.09210526315789473, '2': 0.10857142857142857, '4': 0.10857142857142857, '8': 0.10857142857142857, '16': 0.11578947368421053, '32': 0.14646464646464646, '64': 0.14646464646464646, '100': 0.14646464646464646}",11.29921656800434
foldbench_monomer,8daj_A,eval-val,302,100,0.15976331360946747,0.1282051282051282,0.09260948791123308,0.05445212330158775,0.20735785953177258,0.11162790697674418,69,178.99,100,0.030837808100903988,299,"{'1': 0.0903954802259887, '2': 0.10810810810810811, '4': 0.11049723756906077, '8': 0.11049723756906077, '16': 0.11734693877551021, '32': 0.14207650273224043, '64': 0.14207650273224043, '100': 0.15976331360946747}",9.062796187121421
foldbench_monomer,8dez_A,eval-val,173,100,0.28205128205128205,0.38636363636363635,0.11564955255700542,0.1282057724745871,0.21428571428571427,0.19858156028368795,19,95.18,100,0.03502737198623919,182,"{'1': 0.041666666666666664, '2': 0.06666666666666667, '4': 0.1111111111111111, '8': 0.14893617021276595, '16': 0.1792452830188679, '32': 0.28205128205128205, '64': 0.28205128205128205, '100': 0.28205128205128205}",2.609638061374426
foldbench_monomer,8dge_A,eval-val,738,100,0.04241435562805873,0.02617801047120419,0.022528753451152305,0.008737250675558965,0.060175054704595186,0.015479876160990712,31,716.0,100,0.010223154688341745,914,"{'1': 0.02875399361022364, '2': 0.02875399361022364, '4': 0.02875399361022364, '8': 0.03017241379310345, '16': 0.03017241379310345, '32': 0.04241435562805873, '64': 0.04241435562805873, '100': 0.04241435562805873}",90.80248657008633
foldbench_monomer,8dhj_A,eval-val,249,100,0.1103448275862069,0.1,0.0543554419736369,0.03265354320703188,0.13857677902621723,0.055,31,154.24,100,0.03186168335993426,267,"{'1': 0.03361344537815126, '2': 0.049079754601226995, '4': 0.049079754601226995, '8': 0.0783132530120482, '16': 0.08860759493670886, '32': 0.1103448275862069, '64': 0.1103448275862069, '100': 0.1103448275862069}",5.743900818750262
foldbench_monomer,8dmu_A,eval-val,489,100,0.06813186813186813,0.056657223796033995,0.038823874845137905,0.025094497735377117,0.10507880910683012,0.05502392344497608,55,413.32,100,0.015621594099863714,571,"{'1': 0.03592814371257485, '2': 0.04668304668304668, '4': 0.04668304668304668, '8': 0.04668304668304668, '16': 0.05526315789473684, '32': 0.05670103092783505, '64': 0.06813186813186813, '100': 0.06813186813186813}",30.268173704855144
foldbench_monomer,8dp9_A,eval-val,148,100,0.1527777777777778,0.16666666666666666,0.07188952156997783,0.049792233295828804,0.13013698630136986,0.06306306306306306,17,90.75,100,0.028613336808440488,146,"{'1': 0.07575757575757576, '2': 0.07575757575757576, '4': 0.08860759493670886, '8': 0.1276595744680851, '16': 0.13157894736842105, '32': 0.1527777777777778, '64': 0.1527777777777778, '100': 0.1527777777777778}",1.9391839723102748
foldbench_monomer,8dqd_A,eval-val,377,100,0.20068027210884354,0.16080402010050251,0.12163354019368601,0.09897411295860861,0.2481012658227848,0.2028985507246377,56,300.54,100,0.044694454618824646,395,"{'1': 0.14671814671814673, '2': 0.14671814671814673, '4': 0.14671814671814673, '8': 0.14671814671814673, '16': 0.1619718309859155, '32': 0.17153284671532848, '64': 0.20068027210884354, '100': 0.20068027210884354}",15.456091158092022
foldbench_monomer,8dx0_A,eval-val,154,100,0.3194444444444444,0.29411764705882354,0.1986359956414666,0.12177814893617882,0.32592592592592595,0.23655913978494625,12,83.7,100,0.06513345300263669,135,"{'1': 0.1511627906976744, '2': 0.1511627906976744, '4': 0.16981132075471697, '8': 0.2857142857142857, '16': 0.3194444444444444, '32': 0.3194444444444444, '64': 0.3194444444444444, '100': 0.3194444444444444}",2.0598020791076124
foldbench_monomer,8e0r_A,eval-val,468,100,0.078125,0.03409090909090909,0.03267540381131302,0.010294904573996193,0.07459677419354839,0.006191950464396285,64,342.6,100,0.01013921251369976,496,"{'1': 0.06465517241379311, '2': 0.06465517241379311, '4': 0.06465517241379311, '8': 0.06465517241379311, '16': 0.06465517241379311, '32': 0.06465517241379311, '64': 0.06716417910447761, '100': 0.078125}",27.28539487440139
foldbench_monomer,8e5h_A,eval-val,372,100,0.15163934426229508,0.14583333333333334,0.09529464250220628,0.08913023404883255,0.22674418604651161,0.22131147540983606,40,255.83,100,0.0317126725729352,344,"{'1': 0.07317073170731707, '2': 0.10038610038610038, '4': 0.10038610038610038, '8': 0.10545454545454545, '16': 0.12033195020746888, '32': 0.12448132780082988, '64': 0.15163934426229508, '100': 0.15163934426229508}",15.008896260987967
foldbench_monomer,8eb9_A,eval-val,95,100,0.25925925925925924,0.5,0.0739869627042595,0.06368676148816678,0.1267605633802817,0.1111111111111111,15,37.72,100,0.020791286446589927,71,"{'1': 0.058823529411764705, '2': 0.06451612903225806, '4': 0.06451612903225806, '8': 0.19047619047619047, '16': 0.25925925925925924, '32': 0.25925925925925924, '64': 0.25925925925925924, '100': 0.25925925925925924}",0.8370764390565455
foldbench_monomer,8ec3_A,eval-val,168,100,0.5409836065573771,0.6274509803921569,0.14503778568113648,0.17062312064530843,0.30158730158730157,0.3652173913043478,62,66.41,100,0.04515218788883334,126,"{'1': 0.0, '2': 0.0, '4': 0.2692307692307692, '8': 0.37037037037037035, '16': 0.37037037037037035, '32': 0.41379310344827586, '64': 0.5409836065573771, '100': 0.5409836065573771}",2.2169652977027
foldbench_monomer,8eo5_A,eval-val,290,100,0.1875,0.18181818181818182,0.06981468009057423,0.029807403951738906,0.13438735177865613,0.0718562874251497,38,131.78,100,0.01770199638213987,253,"{'1': 0.05660377358490566, '2': 0.1262135922330097, '4': 0.1262135922330097, '8': 0.1267605633802817, '16': 0.1320754716981132, '32': 0.1320754716981132, '64': 0.1875, '100': 0.1875}",8.373982326127589
foldbench_monomer,8gmy_A,eval-val,236,100,0.25547445255474455,0.25396825396825395,0.16982813730083218,0.15680408203070464,0.24015748031496062,0.20833333333333334,33,140.76,100,0.08106599384270034,254,"{'1': 0.18248175182481752, '2': 0.18248175182481752, '4': 0.22641509433962265, '8': 0.22641509433962265, '16': 0.22641509433962265, '32': 0.22641509433962265, '64': 0.25547445255474455, '100': 0.25547445255474455}",5.149259665980935
foldbench_monomer,8q8i_A,eval-val,282,100,0.11242603550295859,0.1595744680851064,0.043939026129493026,0.03162802350806475,0.0851063829787234,0.08267716535433071,75,190.18,100,0.016425324114993596,376,"{'1': 0.05555555555555555, '2': 0.05555555555555555, '4': 0.05555555555555555, '8': 0.05555555555555555, '16': 0.06403940886699508, '32': 0.0972972972972973, '64': 0.0972972972972973, '100': 0.11242603550295859}",7.8185426951386034
foldbench_monomer,8ycm_A,eval-val,229,100,0.21052631578947367,0.14893617021276595,0.07101968266212653,0.035611419648499315,0.11734693877551021,0.1171875,62,119.78,100,0.024360523398620187,196,"{'1': 0.1282051282051282, '2': 0.1282051282051282, '4': 0.1282051282051282, '8': 0.1282051282051282, '16': 0.1282051282051282, '32': 0.1282051282051282, '64': 0.21052631578947367, '100': 0.21052631578947367}",4.812652424909174
