stem,dataset,eval_set,n_residues,n_pairs,elapsed_seconds,model_nickname,mode,gpu_name,gpu_total_memory_gb,hostname,platform,torch_version,timestamp_utc
5sbj_A,foldbench_monomer,eval-denovo,30,325,0.028218455612659454,sparsa-sequence-pair-40m-20260911-long-step-2500-ema-average,single_seq,NVIDIA H100 80GB HBM3,79.1806640625,gb95a30,Linux-6.8.12-680-6063-coreweave-amd64-f81899c8-x86_64-with-glibc2.41,2.10.0+cu128,2026-09-11T17:59:55.887266+00:00
7ur7_A,foldbench_monomer,eval-denovo,70,1953,0.02500140853226185,sparsa-sequence-pair-40m-20260911-long-step-2500-ema-average,single_seq,NVIDIA H100 80GB HBM3,79.1806640625,gb95a30,Linux-6.8.12-680-6063-coreweave-amd64-f81899c8-x86_64-with-glibc2.41,2.10.0+cu128,2026-09-11T17:59:55.917930+00:00
8ah9_A,foldbench_monomer,eval-denovo,120,6555,0.025944468565285206,sparsa-sequence-pair-40m-20260911-long-step-2500-ema-average,single_seq,NVIDIA H100 80GB HBM3,79.1806640625,gb95a30,Linux-6.8.12-680-6063-coreweave-amd64-f81899c8-x86_64-with-glibc2.41,2.10.0+cu128,2026-09-11T17:59:55.951855+00:00
8eov_A,foldbench_monomer,eval-denovo,146,9591,0.02356712333858013,sparsa-sequence-pair-40m-20260911-long-step-2500-ema-average,single_seq,NVIDIA H100 80GB HBM3,79.1806640625,gb95a30,Linux-6.8.12-680-6063-coreweave-amd64-f81899c8-x86_64-with-glibc2.41,2.10.0+cu128,2026-09-11T17:59:55.986626+00:00
8fjf_A,foldbench_monomer,eval-denovo,134,8001,0.021521088667213917,sparsa-sequence-pair-40m-20260911-long-step-2500-ema-average,single_seq,NVIDIA H100 80GB HBM3,79.1806640625,gb95a30,Linux-6.8.12-680-6063-coreweave-amd64-f81899c8-x86_64-with-glibc2.41,2.10.0+cu128,2026-09-11T17:59:56.019609+00:00
8gac_A,foldbench_monomer,eval-denovo,106,5253,0.022404111921787262,sparsa-sequence-pair-40m-20260911-long-step-2500-ema-average,single_seq,NVIDIA H100 80GB HBM3,79.1806640625,gb95a30,Linux-6.8.12-680-6063-coreweave-amd64-f81899c8-x86_64-with-glibc2.41,2.10.0+cu128,2026-09-11T17:59:56.051715+00:00
8ju8_A,foldbench_monomer,eval-denovo,139,9591,0.02324781008064747,sparsa-sequence-pair-40m-20260911-long-step-2500-ema-average,single_seq,NVIDIA H100 80GB HBM3,79.1806640625,gb95a30,Linux-6.8.12-680-6063-coreweave-amd64-f81899c8-x86_64-with-glibc2.41,2.10.0+cu128,2026-09-11T17:59:56.085599+00:00
8k7o_A,foldbench_monomer,eval-denovo,233,27028,0.027388444170355797,sparsa-sequence-pair-40m-20260911-long-step-2500-ema-average,single_seq,NVIDIA H100 80GB HBM3,79.1806640625,gb95a30,Linux-6.8.12-680-6063-coreweave-amd64-f81899c8-x86_64-with-glibc2.41,2.10.0+cu128,2026-09-11T17:59:56.133546+00:00
8k7z_A,foldbench_monomer,eval-denovo,180,14706,0.0224878853186965,sparsa-sequence-pair-40m-20260911-long-step-2500-ema-average,single_seq,NVIDIA H100 80GB HBM3,79.1806640625,gb95a30,Linux-6.8.12-680-6063-coreweave-amd64-f81899c8-x86_64-with-glibc2.41,2.10.0+cu128,2026-09-11T17:59:56.177631+00:00
8k83_A,foldbench_monomer,eval-denovo,181,15051,0.022539852187037468,sparsa-sequence-pair-40m-20260911-long-step-2500-ema-average,single_seq,NVIDIA H100 80GB HBM3,79.1806640625,gb95a30,Linux-6.8.12-680-6063-coreweave-amd64-f81899c8-x86_64-with-glibc2.41,2.10.0+cu128,2026-09-11T17:59:56.217227+00:00
8k84_A,foldbench_monomer,eval-denovo,177,14878,0.01279391534626484,sparsa-sequence-pair-40m-20260911-long-step-2500-ema-average,single_seq,NVIDIA H100 80GB HBM3,79.1806640625,gb95a30,Linux-6.8.12-680-6063-coreweave-amd64-f81899c8-x86_64-with-glibc2.41,2.10.0+cu128,2026-09-11T17:59:56.247385+00:00
8kcj_A,foldbench_monomer,eval-denovo,181,15931,0.012980049476027489,sparsa-sequence-pair-40m-20260911-long-step-2500-ema-average,single_seq,NVIDIA H100 80GB HBM3,79.1806640625,gb95a30,Linux-6.8.12-680-6063-coreweave-amd64-f81899c8-x86_64-with-glibc2.41,2.10.0+cu128,2026-09-11T17:59:56.277929+00:00
8ka7_A,foldbench_monomer,eval-denovo,124,6555,0.024966961704194546,sparsa-sequence-pair-40m-20260911-long-step-2500-ema-average,single_seq,NVIDIA H100 80GB HBM3,79.1806640625,gb95a30,Linux-6.8.12-680-6063-coreweave-amd64-f81899c8-x86_64-with-glibc2.41,2.10.0+cu128,2026-09-11T17:59:56.315748+00:00
8kac_A,foldbench_monomer,eval-denovo,129,7260,0.02105683647096157,sparsa-sequence-pair-40m-20260911-long-step-2500-ema-average,single_seq,NVIDIA H100 80GB HBM3,79.1806640625,gb95a30,Linux-6.8.12-680-6063-coreweave-amd64-f81899c8-x86_64-with-glibc2.41,2.10.0+cu128,2026-09-11T17:59:56.346847+00:00
8oys_A,foldbench_monomer,eval-denovo,190,17955,0.02784259058535099,sparsa-sequence-pair-40m-20260911-long-step-2500-ema-average,single_seq,NVIDIA H100 80GB HBM3,79.1806640625,gb95a30,Linux-6.8.12-680-6063-coreweave-amd64-f81899c8-x86_64-with-glibc2.41,2.10.0+cu128,2026-09-11T17:59:56.390120+00:00
8oyy_A,foldbench_monomer,eval-denovo,242,27028,0.02727657090872526,sparsa-sequence-pair-40m-20260911-long-step-2500-ema-average,single_seq,NVIDIA H100 80GB HBM3,79.1806640625,gb95a30,Linux-6.8.12-680-6063-coreweave-amd64-f81899c8-x86_64-with-glibc2.41,2.10.0+cu128,2026-09-11T17:59:56.441558+00:00
8qkd_A,foldbench_monomer,eval-denovo,284,39340,0.03000054322183132,sparsa-sequence-pair-40m-20260911-long-step-2500-ema-average,single_seq,NVIDIA H100 80GB HBM3,79.1806640625,gb95a30,Linux-6.8.12-680-6063-coreweave-amd64-f81899c8-x86_64-with-glibc2.41,2.10.0+cu128,2026-09-11T17:59:56.504962+00:00
8qup_A,foldbench_monomer,eval-denovo,124,6441,0.010940645821392536,sparsa-sequence-pair-40m-20260911-long-step-2500-ema-average,single_seq,NVIDIA H100 80GB HBM3,79.1806640625,gb95a30,Linux-6.8.12-680-6063-coreweave-amd64-f81899c8-x86_64-with-glibc2.41,2.10.0+cu128,2026-09-11T17:59:56.540902+00:00
8vc8_A,foldbench_monomer,eval-denovo,204,19306,0.025349917821586132,sparsa-sequence-pair-40m-20260911-long-step-2500-ema-average,single_seq,NVIDIA H100 80GB HBM3,79.1806640625,gb95a30,Linux-6.8.12-680-6063-coreweave-amd64-f81899c8-x86_64-with-glibc2.41,2.10.0+cu128,2026-09-11T17:59:56.582494+00:00
8es6_A,foldbench_monomer,eval-test,488,91806,0.054159024730324745,sparsa-sequence-pair-40m-20260911-long-step-2500-ema-average,single_seq,NVIDIA H100 80GB HBM3,79.1806640625,gb95a30,Linux-6.8.12-680-6063-coreweave-amd64-f81899c8-x86_64-with-glibc2.41,2.10.0+cu128,2026-09-11T17:59:56.693333+00:00
8ev4_A,foldbench_monomer,eval-test,125,6555,0.021497837267816067,sparsa-sequence-pair-40m-20260911-long-step-2500-ema-average,single_seq,NVIDIA H100 80GB HBM3,79.1806640625,gb95a30,Linux-6.8.12-680-6063-coreweave-amd64-f81899c8-x86_64-with-glibc2.41,2.10.0+cu128,2026-09-11T17:59:56.771143+00:00
8ew1_A,foldbench_monomer,eval-test,267,34716,0.02868963684886694,sparsa-sequence-pair-40m-20260911-long-step-2500-ema-average,single_seq,NVIDIA H100 80GB HBM3,79.1806640625,gb95a30,Linux-6.8.12-680-6063-coreweave-amd64-f81899c8-x86_64-with-glibc2.41,2.10.0+cu128,2026-09-11T17:59:56.822947+00:00
8ew9_A,foldbench_monomer,eval-test,248,28920,0.030856050550937653,sparsa-sequence-pair-40m-20260911-long-step-2500-ema-average,single_seq,NVIDIA H100 80GB HBM3,79.1806640625,gb95a30,Linux-6.8.12-680-6063-coreweave-amd64-f81899c8-x86_64-with-glibc2.41,2.10.0+cu128,2026-09-11T17:59:56.884614+00:00
8ey3_A,foldbench_monomer,eval-test,65,1770,0.010944909416139126,sparsa-sequence-pair-40m-20260911-long-step-2500-ema-average,single_seq,NVIDIA H100 80GB HBM3,79.1806640625,gb95a30,Linux-6.8.12-680-6063-coreweave-amd64-f81899c8-x86_64-with-glibc2.41,2.10.0+cu128,2026-09-11T17:59:56.912617+00:00
8ez6_A,foldbench_monomer,eval-test,72,2080,0.023963380604982376,sparsa-sequence-pair-40m-20260911-long-step-2500-ema-average,single_seq,NVIDIA H100 80GB HBM3,79.1806640625,gb95a30,Linux-6.8.12-680-6063-coreweave-amd64-f81899c8-x86_64-with-glibc2.41,2.10.0+cu128,2026-09-11T17:59:56.942306+00:00
8ezw_A,foldbench_monomer,eval-test,160,8646,0.011699745431542397,sparsa-sequence-pair-40m-20260911-long-step-2500-ema-average,single_seq,NVIDIA H100 80GB HBM3,79.1806640625,gb95a30,Linux-6.8.12-680-6063-coreweave-amd64-f81899c8-x86_64-with-glibc2.41,2.10.0+cu128,2026-09-11T17:59:56.962908+00:00
8f8n_A,foldbench_monomer,eval-test,220,10878,0.02632431499660015,sparsa-sequence-pair-40m-20260911-long-step-2500-ema-average,single_seq,NVIDIA H100 80GB HBM3,79.1806640625,gb95a30,Linux-6.8.12-680-6063-coreweave-amd64-f81899c8-x86_64-with-glibc2.41,2.10.0+cu128,2026-09-11T17:59:57.003038+00:00
8f9o_A,foldbench_monomer,eval-test,496,118341,0.05399850010871887,sparsa-sequence-pair-40m-20260911-long-step-2500-ema-average,single_seq,NVIDIA H100 80GB HBM3,79.1806640625,gb95a30,Linux-6.8.12-680-6063-coreweave-amd64-f81899c8-x86_64-with-glibc2.41,2.10.0+cu128,2026-09-11T17:59:57.127683+00:00
8fbc_A,foldbench_monomer,eval-test,395,77028,0.0415764506906271,sparsa-sequence-pair-40m-20260911-long-step-2500-ema-average,single_seq,NVIDIA H100 80GB HBM3,79.1806640625,gb95a30,Linux-6.8.12-680-6063-coreweave-amd64-f81899c8-x86_64-with-glibc2.41,2.10.0+cu128,2026-09-11T17:59:57.259902+00:00
8jjq_A,foldbench_monomer,eval-test,331,51360,0.034449273720383644,sparsa-sequence-pair-40m-20260911-long-step-2500-ema-average,single_seq,NVIDIA H100 80GB HBM3,79.1806640625,gb95a30,Linux-6.8.12-680-6063-coreweave-amd64-f81899c8-x86_64-with-glibc2.41,2.10.0+cu128,2026-09-11T17:59:57.354213+00:00
8fib_A,foldbench_monomer,eval-test,441,87153,0.05016896594315767,sparsa-sequence-pair-40m-20260911-long-step-2500-ema-average,single_seq,NVIDIA H100 80GB HBM3,79.1806640625,gb95a30,Linux-6.8.12-680-6063-coreweave-amd64-f81899c8-x86_64-with-glibc2.41,2.10.0+cu128,2026-09-11T17:59:57.470009+00:00
8fr5_A,foldbench_monomer,eval-test,97,4186,0.01093431655317545,sparsa-sequence-pair-40m-20260911-long-step-2500-ema-average,single_seq,NVIDIA H100 80GB HBM3,79.1806640625,gb95a30,Linux-6.8.12-680-6063-coreweave-amd64-f81899c8-x86_64-with-glibc2.41,2.10.0+cu128,2026-09-11T17:59:57.523711+00:00
8fty_A,foldbench_monomer,eval-test,509,116403,0.058624427765607834,sparsa-sequence-pair-40m-20260911-long-step-2500-ema-average,single_seq,NVIDIA H100 80GB HBM3,79.1806640625,gb95a30,Linux-6.8.12-680-6063-coreweave-amd64-f81899c8-x86_64-with-glibc2.41,2.10.0+cu128,2026-09-11T17:59:57.646783+00:00
8h2f_A,foldbench_monomer,eval-test,180,14706,0.012993133626878262,sparsa-sequence-pair-40m-20260911-long-step-2500-ema-average,single_seq,NVIDIA H100 80GB HBM3,79.1806640625,gb95a30,Linux-6.8.12-680-6063-coreweave-amd64-f81899c8-x86_64-with-glibc2.41,2.10.0+cu128,2026-09-11T17:59:57.720741+00:00
8fz8_A,foldbench_monomer,eval-test,405,75855,0.04369977302849293,sparsa-sequence-pair-40m-20260911-long-step-2500-ema-average,single_seq,NVIDIA H100 80GB HBM3,79.1806640625,gb95a30,Linux-6.8.12-680-6063-coreweave-amd64-f81899c8-x86_64-with-glibc2.41,2.10.0+cu128,2026-09-11T17:59:57.811090+00:00
8fz9_A,foldbench_monomer,eval-test,138,9180,0.023510477505624294,sparsa-sequence-pair-40m-20260911-long-step-2500-ema-average,single_seq,NVIDIA H100 80GB HBM3,79.1806640625,gb95a30,Linux-6.8.12-680-6063-coreweave-amd64-f81899c8-x86_64-with-glibc2.41,2.10.0+cu128,2026-09-11T17:59:57.874693+00:00
8g0n_A,foldbench_monomer,eval-test,247,29161,0.027930956333875656,sparsa-sequence-pair-40m-20260911-long-step-2500-ema-average,single_seq,NVIDIA H100 80GB HBM3,79.1806640625,gb95a30,Linux-6.8.12-680-6063-coreweave-amd64-f81899c8-x86_64-with-glibc2.41,2.10.0+cu128,2026-09-11T17:59:57.923595+00:00
8g1l_A,foldbench_monomer,eval-test,252,31626,0.027784637175500393,sparsa-sequence-pair-40m-20260911-long-step-2500-ema-average,single_seq,NVIDIA H100 80GB HBM3,79.1806640625,gb95a30,Linux-6.8.12-680-6063-coreweave-amd64-f81899c8-x86_64-with-glibc2.41,2.10.0+cu128,2026-09-11T17:59:57.980189+00:00
8g1y_A,foldbench_monomer,eval-test,497,122760,0.05448363535106182,sparsa-sequence-pair-40m-20260911-long-step-2500-ema-average,single_seq,NVIDIA H100 80GB HBM3,79.1806640625,gb95a30,Linux-6.8.12-680-6063-coreweave-amd64-f81899c8-x86_64-with-glibc2.41,2.10.0+cu128,2026-09-11T17:59:58.109971+00:00
8g32_A,foldbench_monomer,eval-test,362,53301,0.037192982621490955,sparsa-sequence-pair-40m-20260911-long-step-2500-ema-average,single_seq,NVIDIA H100 80GB HBM3,79.1806640625,gb95a30,Linux-6.8.12-680-6063-coreweave-amd64-f81899c8-x86_64-with-glibc2.41,2.10.0+cu128,2026-09-11T17:59:58.225606+00:00
8g52_A,foldbench_monomer,eval-test,329,38781,0.034243082627654076,sparsa-sequence-pair-40m-20260911-long-step-2500-ema-average,single_seq,NVIDIA H100 80GB HBM3,79.1806640625,gb95a30,Linux-6.8.12-680-6063-coreweave-amd64-f81899c8-x86_64-with-glibc2.41,2.10.0+cu128,2026-09-11T17:59:58.308333+00:00
8g53_A,foldbench_monomer,eval-test,218,16836,0.026034305803477764,sparsa-sequence-pair-40m-20260911-long-step-2500-ema-average,single_seq,NVIDIA H100 80GB HBM3,79.1806640625,gb95a30,Linux-6.8.12-680-6063-coreweave-amd64-f81899c8-x86_64-with-glibc2.41,2.10.0+cu128,2026-09-11T17:59:58.366080+00:00
8g5u_A,foldbench_monomer,eval-test,489,115440,0.04822827968746424,sparsa-sequence-pair-40m-20260911-long-step-2500-ema-average,single_seq,NVIDIA H100 80GB HBM3,79.1806640625,gb95a30,Linux-6.8.12-680-6063-coreweave-amd64-f81899c8-x86_64-with-glibc2.41,2.10.0+cu128,2026-09-11T17:59:58.482454+00:00
8g64_A,foldbench_monomer,eval-test,172,14196,0.023004493676126003,sparsa-sequence-pair-40m-20260911-long-step-2500-ema-average,single_seq,NVIDIA H100 80GB HBM3,79.1806640625,gb95a30,Linux-6.8.12-680-6063-coreweave-amd64-f81899c8-x86_64-with-glibc2.41,2.10.0+cu128,2026-09-11T17:59:58.561074+00:00
8gbe_A,foldbench_monomer,eval-test,207,20910,0.014592360705137253,sparsa-sequence-pair-40m-20260911-long-step-2500-ema-average,single_seq,NVIDIA H100 80GB HBM3,79.1806640625,gb95a30,Linux-6.8.12-680-6063-coreweave-amd64-f81899c8-x86_64-with-glibc2.41,2.10.0+cu128,2026-09-11T17:59:58.594758+00:00
8gdl_A,foldbench_monomer,eval-test,361,62835,0.03734991978853941,sparsa-sequence-pair-40m-20260911-long-step-2500-ema-average,single_seq,NVIDIA H100 80GB HBM3,79.1806640625,gb95a30,Linux-6.8.12-680-6063-coreweave-amd64-f81899c8-x86_64-with-glibc2.41,2.10.0+cu128,2026-09-11T17:59:58.674262+00:00
8gj9_A,foldbench_monomer,eval-test,65,1891,0.010984296910464764,sparsa-sequence-pair-40m-20260911-long-step-2500-ema-average,single_seq,NVIDIA H100 80GB HBM3,79.1806640625,gb95a30,Linux-6.8.12-680-6063-coreweave-amd64-f81899c8-x86_64-with-glibc2.41,2.10.0+cu128,2026-09-11T17:59:58.714978+00:00
8gjw_A,foldbench_monomer,eval-test,355,59685,0.036263357847929,sparsa-sequence-pair-40m-20260911-long-step-2500-ema-average,single_seq,NVIDIA H100 80GB HBM3,79.1806640625,gb95a30,Linux-6.8.12-680-6063-coreweave-amd64-f81899c8-x86_64-with-glibc2.41,2.10.0+cu128,2026-09-11T17:59:58.784213+00:00
8gjy_A,foldbench_monomer,eval-test,376,58996,0.044296128675341606,sparsa-sequence-pair-40m-20260911-long-step-2500-ema-average,single_seq,NVIDIA H100 80GB HBM3,79.1806640625,gb95a30,Linux-6.8.12-680-6063-coreweave-amd64-f81899c8-x86_64-with-glibc2.41,2.10.0+cu128,2026-09-11T17:59:58.889010+00:00
8gkd_A,foldbench_monomer,eval-test,358,62128,0.03653901629149914,sparsa-sequence-pair-40m-20260911-long-step-2500-ema-average,single_seq,NVIDIA H100 80GB HBM3,79.1806640625,gb95a30,Linux-6.8.12-680-6063-coreweave-amd64-f81899c8-x86_64-with-glibc2.41,2.10.0+cu128,2026-09-11T17:59:58.987482+00:00
8gok_A,foldbench_monomer,eval-test,273,37128,0.029721880331635475,sparsa-sequence-pair-40m-20260911-long-step-2500-ema-average,single_seq,NVIDIA H100 80GB HBM3,79.1806640625,gb95a30,Linux-6.8.12-680-6063-coreweave-amd64-f81899c8-x86_64-with-glibc2.41,2.10.0+cu128,2026-09-11T17:59:59.062197+00:00
8gr7_A,foldbench_monomer,eval-test,343,52975,0.035392120480537415,sparsa-sequence-pair-40m-20260911-long-step-2500-ema-average,single_seq,NVIDIA H100 80GB HBM3,79.1806640625,gb95a30,Linux-6.8.12-680-6063-coreweave-amd64-f81899c8-x86_64-with-glibc2.41,2.10.0+cu128,2026-09-11T17:59:59.140332+00:00
8gsy_A,foldbench_monomer,eval-test,144,7875,0.021082189865410328,sparsa-sequence-pair-40m-20260911-long-step-2500-ema-average,single_seq,NVIDIA H100 80GB HBM3,79.1806640625,gb95a30,Linux-6.8.12-680-6063-coreweave-amd64-f81899c8-x86_64-with-glibc2.41,2.10.0+cu128,2026-09-11T17:59:59.191036+00:00
8gqq_A,foldbench_monomer,eval-test,99,4851,0.024546579457819462,sparsa-sequence-pair-40m-20260911-long-step-2500-ema-average,single_seq,NVIDIA H100 80GB HBM3,79.1806640625,gb95a30,Linux-6.8.12-680-6063-coreweave-amd64-f81899c8-x86_64-with-glibc2.41,2.10.0+cu128,2026-09-11T17:59:59.225907+00:00
8gtz_A,foldbench_monomer,eval-test,483,106491,0.052191547118127346,sparsa-sequence-pair-40m-20260911-long-step-2500-ema-average,single_seq,NVIDIA H100 80GB HBM3,79.1806640625,gb95a30,Linux-6.8.12-680-6063-coreweave-amd64-f81899c8-x86_64-with-glibc2.41,2.10.0+cu128,2026-09-11T17:59:59.335252+00:00
8q79_A,foldbench_monomer,eval-test,236,22791,0.016827170737087727,sparsa-sequence-pair-40m-20260911-long-step-2500-ema-average,single_seq,NVIDIA H100 80GB HBM3,79.1806640625,gb95a30,Linux-6.8.12-680-6063-coreweave-amd64-f81899c8-x86_64-with-glibc2.41,2.10.0+cu128,2026-09-11T17:59:59.411391+00:00
8h02_A,foldbench_monomer,eval-test,84,3081,0.010944847017526627,sparsa-sequence-pair-40m-20260911-long-step-2500-ema-average,single_seq,NVIDIA H100 80GB HBM3,79.1806640625,gb95a30,Linux-6.8.12-680-6063-coreweave-amd64-f81899c8-x86_64-with-glibc2.41,2.10.0+cu128,2026-09-11T17:59:59.438831+00:00
8h5s_A,foldbench_monomer,eval-test,260,30381,0.03117487672716379,sparsa-sequence-pair-40m-20260911-long-step-2500-ema-average,single_seq,NVIDIA H100 80GB HBM3,79.1806640625,gb95a30,Linux-6.8.12-680-6063-coreweave-amd64-f81899c8-x86_64-with-glibc2.41,2.10.0+cu128,2026-09-11T17:59:59.489460+00:00
8hbt_A,foldbench_monomer,eval-test,446,92665,0.04709627851843834,sparsa-sequence-pair-40m-20260911-long-step-2500-ema-average,single_seq,NVIDIA H100 80GB HBM3,79.1806640625,gb95a30,Linux-6.8.12-680-6063-coreweave-amd64-f81899c8-x86_64-with-glibc2.41,2.10.0+cu128,2026-09-11T17:59:59.597755+00:00
8hd2_A,foldbench_monomer,eval-test,354,49141,0.0357303312048316,sparsa-sequence-pair-40m-20260911-long-step-2500-ema-average,single_seq,NVIDIA H100 80GB HBM3,79.1806640625,gb95a30,Linux-6.8.12-680-6063-coreweave-amd64-f81899c8-x86_64-with-glibc2.41,2.10.0+cu128,2026-09-11T17:59:59.699663+00:00
8he1_A,foldbench_monomer,eval-test,280,25200,0.030981210060417652,sparsa-sequence-pair-40m-20260911-long-step-2500-ema-average,single_seq,NVIDIA H100 80GB HBM3,79.1806640625,gb95a30,Linux-6.8.12-680-6063-coreweave-amd64-f81899c8-x86_64-with-glibc2.41,2.10.0+cu128,2026-09-11T17:59:59.768412+00:00
8axs_A,foldbench_monomer,eval-test,578,163878,0.06937531009316444,sparsa-sequence-pair-40m-20260911-long-step-2500-ema-average,single_seq,NVIDIA H100 80GB HBM3,79.1806640625,gb95a30,Linux-6.8.12-680-6063-coreweave-amd64-f81899c8-x86_64-with-glibc2.41,2.10.0+cu128,2026-09-11T17:59:59.937619+00:00
8hnq_A,foldbench_monomer,eval-test,286,40755,0.030579480342566967,sparsa-sequence-pair-40m-20260911-long-step-2500-ema-average,single_seq,NVIDIA H100 80GB HBM3,79.1806640625,gb95a30,Linux-6.8.12-680-6063-coreweave-amd64-f81899c8-x86_64-with-glibc2.41,2.10.0+cu128,2026-09-11T18:00:00.052611+00:00
8hvd_A,foldbench_monomer,eval-test,614,180901,0.07916724402457476,sparsa-sequence-pair-40m-20260911-long-step-2500-ema-average,single_seq,NVIDIA H100 80GB HBM3,79.1806640625,gb95a30,Linux-6.8.12-680-6063-coreweave-amd64-f81899c8-x86_64-with-glibc2.41,2.10.0+cu128,2026-09-11T18:00:00.237746+00:00
7xhz_A,foldbench_monomer,eval-test,231,26565,0.02690686658024788,sparsa-sequence-pair-40m-20260911-long-step-2500-ema-average,single_seq,NVIDIA H100 80GB HBM3,79.1806640625,gb95a30,Linux-6.8.12-680-6063-coreweave-amd64-f81899c8-x86_64-with-glibc2.41,2.10.0+cu128,2026-09-11T18:00:00.351635+00:00
8hw8_A,foldbench_monomer,eval-test,356,52975,0.03619425371289253,sparsa-sequence-pair-40m-20260911-long-step-2500-ema-average,single_seq,NVIDIA H100 80GB HBM3,79.1806640625,gb95a30,Linux-6.8.12-680-6063-coreweave-amd64-f81899c8-x86_64-with-glibc2.41,2.10.0+cu128,2026-09-11T18:00:00.426058+00:00
8hxs_A,foldbench_monomer,eval-test,100,4950,0.011079397052526474,sparsa-sequence-pair-40m-20260911-long-step-2500-ema-average,single_seq,NVIDIA H100 80GB HBM3,79.1806640625,gb95a30,Linux-6.8.12-680-6063-coreweave-amd64-f81899c8-x86_64-with-glibc2.41,2.10.0+cu128,2026-09-11T18:00:00.467476+00:00
8ii8_A,foldbench_monomer,eval-test,226,25200,0.026329560205340385,sparsa-sequence-pair-40m-20260911-long-step-2500-ema-average,single_seq,NVIDIA H100 80GB HBM3,79.1806640625,gb95a30,Linux-6.8.12-680-6063-coreweave-amd64-f81899c8-x86_64-with-glibc2.41,2.10.0+cu128,2026-09-11T18:00:00.511376+00:00
8ikx_A,foldbench_monomer,eval-test,390,75855,0.04083837755024433,sparsa-sequence-pair-40m-20260911-long-step-2500-ema-average,single_seq,NVIDIA H100 80GB HBM3,79.1806640625,gb95a30,Linux-6.8.12-680-6063-coreweave-amd64-f81899c8-x86_64-with-glibc2.41,2.10.0+cu128,2026-09-11T18:00:00.601571+00:00
8ini_A,foldbench_monomer,eval-test,99,4465,0.010812521912157536,sparsa-sequence-pair-40m-20260911-long-step-2500-ema-average,single_seq,NVIDIA H100 80GB HBM3,79.1806640625,gb95a30,Linux-6.8.12-680-6063-coreweave-amd64-f81899c8-x86_64-with-glibc2.41,2.10.0+cu128,2026-09-11T18:00:00.646994+00:00
8iqc_A,foldbench_monomer,eval-test,254,25425,0.027909631840884686,sparsa-sequence-pair-40m-20260911-long-step-2500-ema-average,single_seq,NVIDIA H100 80GB HBM3,79.1806640625,gb95a30,Linux-6.8.12-680-6063-coreweave-amd64-f81899c8-x86_64-with-glibc2.41,2.10.0+cu128,2026-09-11T18:00:00.692452+00:00
8irq_A,foldbench_monomer,eval-test,165,11175,0.022286102175712585,sparsa-sequence-pair-40m-20260911-long-step-2500-ema-average,single_seq,NVIDIA H100 80GB HBM3,79.1806640625,gb95a30,Linux-6.8.12-680-6063-coreweave-amd64-f81899c8-x86_64-with-glibc2.41,2.10.0+cu128,2026-09-11T18:00:00.736264+00:00
8iym_A,foldbench_monomer,eval-test,163,11935,0.022294390946626663,sparsa-sequence-pair-40m-20260911-long-step-2500-ema-average,single_seq,NVIDIA H100 80GB HBM3,79.1806640625,gb95a30,Linux-6.8.12-680-6063-coreweave-amd64-f81899c8-x86_64-with-glibc2.41,2.10.0+cu128,2026-09-11T18:00:00.773339+00:00
8j2n_A,foldbench_monomer,eval-test,320,28441,0.03402928542345762,sparsa-sequence-pair-40m-20260911-long-step-2500-ema-average,single_seq,NVIDIA H100 80GB HBM3,79.1806640625,gb95a30,Linux-6.8.12-680-6063-coreweave-amd64-f81899c8-x86_64-with-glibc2.41,2.10.0+cu128,2026-09-11T18:00:00.829297+00:00
8j2x_A,foldbench_monomer,eval-test,341,56616,0.03533166367560625,sparsa-sequence-pair-40m-20260911-long-step-2500-ema-average,single_seq,NVIDIA H100 80GB HBM3,79.1806640625,gb95a30,Linux-6.8.12-680-6063-coreweave-amd64-f81899c8-x86_64-with-glibc2.41,2.10.0+cu128,2026-09-11T18:00:00.916589+00:00
8jb3_A,foldbench_monomer,eval-test,455,87571,0.04814161919057369,sparsa-sequence-pair-40m-20260911-long-step-2500-ema-average,single_seq,NVIDIA H100 80GB HBM3,79.1806640625,gb95a30,Linux-6.8.12-680-6063-coreweave-amd64-f81899c8-x86_64-with-glibc2.41,2.10.0+cu128,2026-09-11T18:00:01.032079+00:00
7wr2_A,foldbench_monomer,eval-test,161,9180,0.01207791455090046,sparsa-sequence-pair-40m-20260911-long-step-2500-ema-average,single_seq,NVIDIA H100 80GB HBM3,79.1806640625,gb95a30,Linux-6.8.12-680-6063-coreweave-amd64-f81899c8-x86_64-with-glibc2.41,2.10.0+cu128,2026-09-11T18:00:01.093151+00:00
8j8y_A,foldbench_monomer,eval-test,141,8256,0.021349117159843445,sparsa-sequence-pair-40m-20260911-long-step-2500-ema-average,single_seq,NVIDIA H100 80GB HBM3,79.1806640625,gb95a30,Linux-6.8.12-680-6063-coreweave-amd64-f81899c8-x86_64-with-glibc2.41,2.10.0+cu128,2026-09-11T18:00:01.126835+00:00
8j9r_A,foldbench_monomer,eval-test,74,2556,0.010851116850972176,sparsa-sequence-pair-40m-20260911-long-step-2500-ema-average,single_seq,NVIDIA H100 80GB HBM3,79.1806640625,gb95a30,Linux-6.8.12-680-6063-coreweave-amd64-f81899c8-x86_64-with-glibc2.41,2.10.0+cu128,2026-09-11T18:00:01.146360+00:00
8jdg_A,foldbench_monomer,eval-test,471,103740,0.051123165525496006,sparsa-sequence-pair-40m-20260911-long-step-2500-ema-average,single_seq,NVIDIA H100 80GB HBM3,79.1806640625,gb95a30,Linux-6.8.12-680-6063-coreweave-amd64-f81899c8-x86_64-with-glibc2.41,2.10.0+cu128,2026-09-11T18:00:01.252627+00:00
8jh8_A,foldbench_monomer,eval-test,248,29161,0.01760352309793234,sparsa-sequence-pair-40m-20260911-long-step-2500-ema-average,single_seq,NVIDIA H100 80GB HBM3,79.1806640625,gb95a30,Linux-6.8.12-680-6063-coreweave-amd64-f81899c8-x86_64-with-glibc2.41,2.10.0+cu128,2026-09-11T18:00:01.331350+00:00
8jiy_A,foldbench_monomer,eval-test,241,23220,0.02684037946164608,sparsa-sequence-pair-40m-20260911-long-step-2500-ema-average,single_seq,NVIDIA H100 80GB HBM3,79.1806640625,gb95a30,Linux-6.8.12-680-6063-coreweave-amd64-f81899c8-x86_64-with-glibc2.41,2.10.0+cu128,2026-09-11T18:00:01.384277+00:00
8jmy_A,foldbench_monomer,eval-test,129,8128,0.01093378197401762,sparsa-sequence-pair-40m-20260911-long-step-2500-ema-average,single_seq,NVIDIA H100 80GB HBM3,79.1806640625,gb95a30,Linux-6.8.12-680-6063-coreweave-amd64-f81899c8-x86_64-with-glibc2.41,2.10.0+cu128,2026-09-11T18:00:01.413237+00:00
8jn0_A,foldbench_monomer,eval-test,89,3916,0.024111971259117126,sparsa-sequence-pair-40m-20260911-long-step-2500-ema-average,single_seq,NVIDIA H100 80GB HBM3,79.1806640625,gb95a30,Linux-6.8.12-680-6063-coreweave-amd64-f81899c8-x86_64-with-glibc2.41,2.10.0+cu128,2026-09-11T18:00:01.445976+00:00
8jup_A,foldbench_monomer,eval-test,327,41328,0.0258265882730484,sparsa-sequence-pair-40m-20260911-long-step-2500-ema-average,single_seq,NVIDIA H100 80GB HBM3,79.1806640625,gb95a30,Linux-6.8.12-680-6063-coreweave-amd64-f81899c8-x86_64-with-glibc2.41,2.10.0+cu128,2026-09-11T18:00:01.496831+00:00
8jv2_A,foldbench_monomer,eval-test,361,64620,0.029733113013207912,sparsa-sequence-pair-40m-20260911-long-step-2500-ema-average,single_seq,NVIDIA H100 80GB HBM3,79.1806640625,gb95a30,Linux-6.8.12-680-6063-coreweave-amd64-f81899c8-x86_64-with-glibc2.41,2.10.0+cu128,2026-09-11T18:00:01.581142+00:00
8jws_A,foldbench_monomer,eval-test,127,6786,0.023717899806797504,sparsa-sequence-pair-40m-20260911-long-step-2500-ema-average,single_seq,NVIDIA H100 80GB HBM3,79.1806640625,gb95a30,Linux-6.8.12-680-6063-coreweave-amd64-f81899c8-x86_64-with-glibc2.41,2.10.0+cu128,2026-09-11T18:00:01.636036+00:00
8cjd_A,foldbench_monomer,eval-test,663,201295,0.09394562803208828,sparsa-sequence-pair-40m-20260911-long-step-2500-ema-average,single_seq,NVIDIA H100 80GB HBM3,79.1806640625,gb95a30,Linux-6.8.12-680-6063-coreweave-amd64-f81899c8-x86_64-with-glibc2.41,2.10.0+cu128,2026-09-11T18:00:01.835853+00:00
8k2g_A,foldbench_monomer,eval-test,516,127260,0.05797991622239351,sparsa-sequence-pair-40m-20260911-long-step-2500-ema-average,single_seq,NVIDIA H100 80GB HBM3,79.1806640625,gb95a30,Linux-6.8.12-680-6063-coreweave-amd64-f81899c8-x86_64-with-glibc2.41,2.10.0+cu128,2026-09-11T18:00:02.043880+00:00
8k2k_A,foldbench_monomer,eval-test,542,139656,0.06435142736881971,sparsa-sequence-pair-40m-20260911-long-step-2500-ema-average,single_seq,NVIDIA H100 80GB HBM3,79.1806640625,gb95a30,Linux-6.8.12-680-6063-coreweave-amd64-f81899c8-x86_64-with-glibc2.41,2.10.0+cu128,2026-09-11T18:00:02.232077+00:00
8k2m_A,foldbench_monomer,eval-test,581,155961,0.0707356408238411,sparsa-sequence-pair-40m-20260911-long-step-2500-ema-average,single_seq,NVIDIA H100 80GB HBM3,79.1806640625,gb95a30,Linux-6.8.12-680-6063-coreweave-amd64-f81899c8-x86_64-with-glibc2.41,2.10.0+cu128,2026-09-11T18:00:02.436133+00:00
8k4m_A,foldbench_monomer,eval-test,137,7626,0.021869582124054432,sparsa-sequence-pair-40m-20260911-long-step-2500-ema-average,single_seq,NVIDIA H100 80GB HBM3,79.1806640625,gb95a30,Linux-6.8.12-680-6063-coreweave-amd64-f81899c8-x86_64-with-glibc2.41,2.10.0+cu128,2026-09-11T18:00:02.530106+00:00
8k5j_A,foldbench_monomer,eval-test,427,81003,0.04523757565766573,sparsa-sequence-pair-40m-20260911-long-step-2500-ema-average,single_seq,NVIDIA H100 80GB HBM3,79.1806640625,gb95a30,Linux-6.8.12-680-6063-coreweave-amd64-f81899c8-x86_64-with-glibc2.41,2.10.0+cu128,2026-09-11T18:00:02.622075+00:00
8k7x_A,foldbench_monomer,eval-test,856,226128,0.1486395327374339,sparsa-sequence-pair-40m-20260911-long-step-2500-ema-average,single_seq,NVIDIA H100 80GB HBM3,79.1806640625,gb95a30,Linux-6.8.12-680-6063-coreweave-amd64-f81899c8-x86_64-with-glibc2.41,2.10.0+cu128,2026-09-11T18:00:02.916201+00:00
8kg4_A,foldbench_monomer,eval-test,265,34980,0.029178865253925323,sparsa-sequence-pair-40m-20260911-long-step-2500-ema-average,single_seq,NVIDIA H100 80GB HBM3,79.1806640625,gb95a30,Linux-6.8.12-680-6063-coreweave-amd64-f81899c8-x86_64-with-glibc2.41,2.10.0+cu128,2026-09-11T18:00:03.113158+00:00
8xrh_A,foldbench_monomer,eval-test,408,75466,0.0428811265155673,sparsa-sequence-pair-40m-20260911-long-step-2500-ema-average,single_seq,NVIDIA H100 80GB HBM3,79.1806640625,gb95a30,Linux-6.8.12-680-6063-coreweave-amd64-f81899c8-x86_64-with-glibc2.41,2.10.0+cu128,2026-09-11T18:00:03.208932+00:00
8khv_A,foldbench_monomer,eval-test,614,167331,0.07331105601042509,sparsa-sequence-pair-40m-20260911-long-step-2500-ema-average,single_seq,NVIDIA H100 80GB HBM3,79.1806640625,gb95a30,Linux-6.8.12-680-6063-coreweave-amd64-f81899c8-x86_64-with-glibc2.41,2.10.0+cu128,2026-09-11T18:00:03.402968+00:00
8kih_A,foldbench_monomer,eval-test,332,42195,0.035121338441967964,sparsa-sequence-pair-40m-20260911-long-step-2500-ema-average,single_seq,NVIDIA H100 80GB HBM3,79.1806640625,gb95a30,Linux-6.8.12-680-6063-coreweave-amd64-f81899c8-x86_64-with-glibc2.41,2.10.0+cu128,2026-09-11T18:00:03.533134+00:00
8ok3_A,foldbench_monomer,eval-test,125,7260,0.011105108074843884,sparsa-sequence-pair-40m-20260911-long-step-2500-ema-average,single_seq,NVIDIA H100 80GB HBM3,79.1806640625,gb95a30,Linux-6.8.12-680-6063-coreweave-amd64-f81899c8-x86_64-with-glibc2.41,2.10.0+cu128,2026-09-11T18:00:03.573023+00:00
8oqh_A,foldbench_monomer,eval-test,91,3240,0.0220410218462348,sparsa-sequence-pair-40m-20260911-long-step-2500-ema-average,single_seq,NVIDIA H100 80GB HBM3,79.1806640625,gb95a30,Linux-6.8.12-680-6063-coreweave-amd64-f81899c8-x86_64-with-glibc2.41,2.10.0+cu128,2026-09-11T18:00:03.603142+00:00
8ork_A,foldbench_monomer,eval-test,460,105570,0.04873983934521675,sparsa-sequence-pair-40m-20260911-long-step-2500-ema-average,single_seq,NVIDIA H100 80GB HBM3,79.1806640625,gb95a30,Linux-6.8.12-680-6063-coreweave-amd64-f81899c8-x86_64-with-glibc2.41,2.10.0+cu128,2026-09-11T18:00:03.708168+00:00
8os2_A,foldbench_monomer,eval-test,146,7503,0.011623676866292953,sparsa-sequence-pair-40m-20260911-long-step-2500-ema-average,single_seq,NVIDIA H100 80GB HBM3,79.1806640625,gb95a30,Linux-6.8.12-680-6063-coreweave-amd64-f81899c8-x86_64-with-glibc2.41,2.10.0+cu128,2026-09-11T18:00:03.768986+00:00
8owf_A,foldbench_monomer,eval-test,575,158203,0.07203911058604717,sparsa-sequence-pair-40m-20260911-long-step-2500-ema-average,single_seq,NVIDIA H100 80GB HBM3,79.1806640625,gb95a30,Linux-6.8.12-680-6063-coreweave-amd64-f81899c8-x86_64-with-glibc2.41,2.10.0+cu128,2026-09-11T18:00:03.926271+00:00
8osz_A,foldbench_monomer,eval-test,263,30135,0.02835707552731037,sparsa-sequence-pair-40m-20260911-long-step-2500-ema-average,single_seq,NVIDIA H100 80GB HBM3,79.1806640625,gb95a30,Linux-6.8.12-680-6063-coreweave-amd64-f81899c8-x86_64-with-glibc2.41,2.10.0+cu128,2026-09-11T18:00:04.032961+00:00
8ou1_A,foldbench_monomer,eval-test,148,10011,0.011440133675932884,sparsa-sequence-pair-40m-20260911-long-step-2500-ema-average,single_seq,NVIDIA H100 80GB HBM3,79.1806640625,gb95a30,Linux-6.8.12-680-6063-coreweave-amd64-f81899c8-x86_64-with-glibc2.41,2.10.0+cu128,2026-09-11T18:00:04.065828+00:00
8ovq_A,foldbench_monomer,eval-test,232,21528,0.029934505000710487,sparsa-sequence-pair-40m-20260911-long-step-2500-ema-average,single_seq,NVIDIA H100 80GB HBM3,79.1806640625,gb95a30,Linux-6.8.12-680-6063-coreweave-amd64-f81899c8-x86_64-with-glibc2.41,2.10.0+cu128,2026-09-11T18:00:04.113870+00:00
8ovu_A,foldbench_monomer,eval-test,99,4851,0.010858097113668919,sparsa-sequence-pair-40m-20260911-long-step-2500-ema-average,single_seq,NVIDIA H100 80GB HBM3,79.1806640625,gb95a30,Linux-6.8.12-680-6063-coreweave-amd64-f81899c8-x86_64-with-glibc2.41,2.10.0+cu128,2026-09-11T18:00:04.140898+00:00
8ow8_A,foldbench_monomer,eval-test,446,80200,0.04128077253699303,sparsa-sequence-pair-40m-20260911-long-step-2500-ema-average,single_seq,NVIDIA H100 80GB HBM3,79.1806640625,gb95a30,Linux-6.8.12-680-6063-coreweave-amd64-f81899c8-x86_64-with-glibc2.41,2.10.0+cu128,2026-09-11T18:00:04.226435+00:00
8oxk_A,foldbench_monomer,eval-test,99,4371,0.010818264447152615,sparsa-sequence-pair-40m-20260911-long-step-2500-ema-average,single_seq,NVIDIA H100 80GB HBM3,79.1806640625,gb95a30,Linux-6.8.12-680-6063-coreweave-amd64-f81899c8-x86_64-with-glibc2.41,2.10.0+cu128,2026-09-11T18:00:04.284192+00:00
8oxl_A,foldbench_monomer,eval-test,92,4186,0.02229870017617941,sparsa-sequence-pair-40m-20260911-long-step-2500-ema-average,single_seq,NVIDIA H100 80GB HBM3,79.1806640625,gb95a30,Linux-6.8.12-680-6063-coreweave-amd64-f81899c8-x86_64-with-glibc2.41,2.10.0+cu128,2026-09-11T18:00:04.314038+00:00
8p0e_A,foldbench_monomer,eval-test,190,16836,0.013463868759572506,sparsa-sequence-pair-40m-20260911-long-step-2500-ema-average,single_seq,NVIDIA H100 80GB HBM3,79.1806640625,gb95a30,Linux-6.8.12-680-6063-coreweave-amd64-f81899c8-x86_64-with-glibc2.41,2.10.0+cu128,2026-09-11T18:00:04.340742+00:00
8p2a_A,foldbench_monomer,eval-test,89,3916,0.010800797492265701,sparsa-sequence-pair-40m-20260911-long-step-2500-ema-average,single_seq,NVIDIA H100 80GB HBM3,79.1806640625,gb95a30,Linux-6.8.12-680-6063-coreweave-amd64-f81899c8-x86_64-with-glibc2.41,2.10.0+cu128,2026-09-11T18:00:04.363496+00:00
8p5p_A,foldbench_monomer,eval-test,116,5253,0.021525555290281773,sparsa-sequence-pair-40m-20260911-long-step-2500-ema-average,single_seq,NVIDIA H100 80GB HBM3,79.1806640625,gb95a30,Linux-6.8.12-680-6063-coreweave-amd64-f81899c8-x86_64-with-glibc2.41,2.10.0+cu128,2026-09-11T18:00:04.392752+00:00
8p5n_A,foldbench_monomer,eval-test,144,9453,0.010871241800487041,sparsa-sequence-pair-40m-20260911-long-step-2500-ema-average,single_seq,NVIDIA H100 80GB HBM3,79.1806640625,gb95a30,Linux-6.8.12-680-6063-coreweave-amd64-f81899c8-x86_64-with-glibc2.41,2.10.0+cu128,2026-09-11T18:00:04.414307+00:00
7wu8_A,foldbench_monomer,eval-test,96,3321,0.027449495159089565,sparsa-sequence-pair-40m-20260911-long-step-2500-ema-average,single_seq,NVIDIA H100 80GB HBM3,79.1806640625,gb95a30,Linux-6.8.12-680-6063-coreweave-amd64-f81899c8-x86_64-with-glibc2.41,2.10.0+cu128,2026-09-11T18:00:04.451038+00:00
8pak_A,foldbench_monomer,eval-test,361,59340,0.0297014769166708,sparsa-sequence-pair-40m-20260911-long-step-2500-ema-average,single_seq,NVIDIA H100 80GB HBM3,79.1806640625,gb95a30,Linux-6.8.12-680-6063-coreweave-amd64-f81899c8-x86_64-with-glibc2.41,2.10.0+cu128,2026-09-11T18:00:04.514692+00:00
8paq_A,foldbench_monomer,eval-test,166,12561,0.02229546569287777,sparsa-sequence-pair-40m-20260911-long-step-2500-ema-average,single_seq,NVIDIA H100 80GB HBM3,79.1806640625,gb95a30,Linux-6.8.12-680-6063-coreweave-amd64-f81899c8-x86_64-with-glibc2.41,2.10.0+cu128,2026-09-11T18:00:04.569448+00:00
8pb5_A,foldbench_monomer,eval-test,322,51040,0.03380145505070686,sparsa-sequence-pair-40m-20260911-long-step-2500-ema-average,single_seq,NVIDIA H100 80GB HBM3,79.1806640625,gb95a30,Linux-6.8.12-680-6063-coreweave-amd64-f81899c8-x86_64-with-glibc2.41,2.10.0+cu128,2026-09-11T18:00:04.636259+00:00
8por_A,foldbench_monomer,eval-test,179,13203,0.022481227293610573,sparsa-sequence-pair-40m-20260911-long-step-2500-ema-average,single_seq,NVIDIA H100 80GB HBM3,79.1806640625,gb95a30,Linux-6.8.12-680-6063-coreweave-amd64-f81899c8-x86_64-with-glibc2.41,2.10.0+cu128,2026-09-11T18:00:04.688583+00:00
8ptd_A,foldbench_monomer,eval-test,343,58653,0.027593091130256653,sparsa-sequence-pair-40m-20260911-long-step-2500-ema-average,single_seq,NVIDIA H100 80GB HBM3,79.1806640625,gb95a30,Linux-6.8.12-680-6063-coreweave-amd64-f81899c8-x86_64-with-glibc2.41,2.10.0+cu128,2026-09-11T18:00:04.753240+00:00
8pu2_A,foldbench_monomer,eval-test,75,2701,0.022013908252120018,sparsa-sequence-pair-40m-20260911-long-step-2500-ema-average,single_seq,NVIDIA H100 80GB HBM3,79.1806640625,gb95a30,Linux-6.8.12-680-6063-coreweave-amd64-f81899c8-x86_64-with-glibc2.41,2.10.0+cu128,2026-09-11T18:00:04.802163+00:00
8pvs_A,foldbench_monomer,eval-test,731,266815,0.10703151486814022,sparsa-sequence-pair-40m-20260911-long-step-2500-ema-average,single_seq,NVIDIA H100 80GB HBM3,79.1806640625,gb95a30,Linux-6.8.12-680-6063-coreweave-amd64-f81899c8-x86_64-with-glibc2.41,2.10.0+cu128,2026-09-11T18:00:05.044638+00:00
8pw2_A,foldbench_monomer,eval-test,72,1770,0.0116431200876832,sparsa-sequence-pair-40m-20260911-long-step-2500-ema-average,single_seq,NVIDIA H100 80GB HBM3,79.1806640625,gb95a30,Linux-6.8.12-680-6063-coreweave-amd64-f81899c8-x86_64-with-glibc2.41,2.10.0+cu128,2026-09-11T18:00:05.158554+00:00
8pxc_A,foldbench_monomer,eval-test,457,31626,0.04900659900158644,sparsa-sequence-pair-40m-20260911-long-step-2500-ema-average,single_seq,NVIDIA H100 80GB HBM3,79.1806640625,gb95a30,Linux-6.8.12-680-6063-coreweave-amd64-f81899c8-x86_64-with-glibc2.41,2.10.0+cu128,2026-09-11T18:00:05.227587+00:00
8pxu_A,foldbench_monomer,eval-test,655,208335,0.087808090262115,sparsa-sequence-pair-40m-20260911-long-step-2500-ema-average,single_seq,NVIDIA H100 80GB HBM3,79.1806640625,gb95a30,Linux-6.8.12-680-6063-coreweave-amd64-f81899c8-x86_64-with-glibc2.41,2.10.0+cu128,2026-09-11T18:00:05.460017+00:00
8q1v_A,foldbench_monomer,eval-test,93,3081,0.02506332565099001,sparsa-sequence-pair-40m-20260911-long-step-2500-ema-average,single_seq,NVIDIA H100 80GB HBM3,79.1806640625,gb95a30,Linux-6.8.12-680-6063-coreweave-amd64-f81899c8-x86_64-with-glibc2.41,2.10.0+cu128,2026-09-11T18:00:05.569603+00:00
8qb1_A,foldbench_monomer,eval-test,88,3828,0.023949570953845978,sparsa-sequence-pair-40m-20260911-long-step-2500-ema-average,single_seq,NVIDIA H100 80GB HBM3,79.1806640625,gb95a30,Linux-6.8.12-680-6063-coreweave-amd64-f81899c8-x86_64-with-glibc2.41,2.10.0+cu128,2026-09-11T18:00:05.600734+00:00
8qd8_A,foldbench_monomer,eval-test,431,84666,0.04515931010246277,sparsa-sequence-pair-40m-20260911-long-step-2500-ema-average,single_seq,NVIDIA H100 80GB HBM3,79.1806640625,gb95a30,Linux-6.8.12-680-6063-coreweave-amd64-f81899c8-x86_64-with-glibc2.41,2.10.0+cu128,2026-09-11T18:00:05.692795+00:00
8qjp_A,foldbench_monomer,eval-test,254,31125,0.018391364254057407,sparsa-sequence-pair-40m-20260911-long-step-2500-ema-average,single_seq,NVIDIA H100 80GB HBM3,79.1806640625,gb95a30,Linux-6.8.12-680-6063-coreweave-amd64-f81899c8-x86_64-with-glibc2.41,2.10.0+cu128,2026-09-11T18:00:05.762352+00:00
8qlc_A,foldbench_monomer,eval-test,627,194376,0.08008863311260939,sparsa-sequence-pair-40m-20260911-long-step-2500-ema-average,single_seq,NVIDIA H100 80GB HBM3,79.1806640625,gb95a30,Linux-6.8.12-680-6063-coreweave-amd64-f81899c8-x86_64-with-glibc2.41,2.10.0+cu128,2026-09-11T18:00:05.951560+00:00
8qoh_A,foldbench_monomer,eval-test,278,37401,0.030320115387439728,sparsa-sequence-pair-40m-20260911-long-step-2500-ema-average,single_seq,NVIDIA H100 80GB HBM3,79.1806640625,gb95a30,Linux-6.8.12-680-6063-coreweave-amd64-f81899c8-x86_64-with-glibc2.41,2.10.0+cu128,2026-09-11T18:00:06.080105+00:00
8qpj_A,foldbench_monomer,eval-test,300,42486,0.03183420281857252,sparsa-sequence-pair-40m-20260911-long-step-2500-ema-average,single_seq,NVIDIA H100 80GB HBM3,79.1806640625,gb95a30,Linux-6.8.12-680-6063-coreweave-amd64-f81899c8-x86_64-with-glibc2.41,2.10.0+cu128,2026-09-11T18:00:06.150998+00:00
8qq1_A,foldbench_monomer,eval-test,221,23436,0.02605616394430399,sparsa-sequence-pair-40m-20260911-long-step-2500-ema-average,single_seq,NVIDIA H100 80GB HBM3,79.1806640625,gb95a30,Linux-6.8.12-680-6063-coreweave-amd64-f81899c8-x86_64-with-glibc2.41,2.10.0+cu128,2026-09-11T18:00:06.208863+00:00
8qle_A,foldbench_monomer,eval-test,283,36585,0.02112357970327139,sparsa-sequence-pair-40m-20260911-long-step-2500-ema-average,single_seq,NVIDIA H100 80GB HBM3,79.1806640625,gb95a30,Linux-6.8.12-680-6063-coreweave-amd64-f81899c8-x86_64-with-glibc2.41,2.10.0+cu128,2026-09-11T18:00:06.259766+00:00
8qx6_A,foldbench_monomer,eval-test,165,13530,0.012176258489489555,sparsa-sequence-pair-40m-20260911-long-step-2500-ema-average,single_seq,NVIDIA H100 80GB HBM3,79.1806640625,gb95a30,Linux-6.8.12-680-6063-coreweave-amd64-f81899c8-x86_64-with-glibc2.41,2.10.0+cu128,2026-09-11T18:00:06.296215+00:00
8r2c_A,foldbench_monomer,eval-test,169,14196,0.022294364869594574,sparsa-sequence-pair-40m-20260911-long-step-2500-ema-average,single_seq,NVIDIA H100 80GB HBM3,79.1806640625,gb95a30,Linux-6.8.12-680-6063-coreweave-amd64-f81899c8-x86_64-with-glibc2.41,2.10.0+cu128,2026-09-11T18:00:06.333707+00:00
8r5n_A,foldbench_monomer,eval-test,165,13530,0.012221017852425575,sparsa-sequence-pair-40m-20260911-long-step-2500-ema-average,single_seq,NVIDIA H100 80GB HBM3,79.1806640625,gb95a30,Linux-6.8.12-680-6063-coreweave-amd64-f81899c8-x86_64-with-glibc2.41,2.10.0+cu128,2026-09-11T18:00:06.361441+00:00
8ra0_A,foldbench_monomer,eval-test,499,116886,0.054523466154932976,sparsa-sequence-pair-40m-20260911-long-step-2500-ema-average,single_seq,NVIDIA H100 80GB HBM3,79.1806640625,gb95a30,Linux-6.8.12-680-6063-coreweave-amd64-f81899c8-x86_64-with-glibc2.41,2.10.0+cu128,2026-09-11T18:00:06.481644+00:00
8rcw_A,foldbench_monomer,eval-test,229,20910,0.016290390864014626,sparsa-sequence-pair-40m-20260911-long-step-2500-ema-average,single_seq,NVIDIA H100 80GB HBM3,79.1806640625,gb95a30,Linux-6.8.12-680-6063-coreweave-amd64-f81899c8-x86_64-with-glibc2.41,2.10.0+cu128,2026-09-11T18:00:06.557137+00:00
8rdd_A,foldbench_monomer,eval-test,170,13203,0.012437315657734871,sparsa-sequence-pair-40m-20260911-long-step-2500-ema-average,single_seq,NVIDIA H100 80GB HBM3,79.1806640625,gb95a30,Linux-6.8.12-680-6063-coreweave-amd64-f81899c8-x86_64-with-glibc2.41,2.10.0+cu128,2026-09-11T18:00:06.589241+00:00
8re3_A,foldbench_monomer,eval-test,445,98790,0.04729199595749378,sparsa-sequence-pair-40m-20260911-long-step-2500-ema-average,single_seq,NVIDIA H100 80GB HBM3,79.1806640625,gb95a30,Linux-6.8.12-680-6063-coreweave-amd64-f81899c8-x86_64-with-glibc2.41,2.10.0+cu128,2026-09-11T18:00:06.693241+00:00
8rom_A,foldbench_monomer,eval-test,202,18721,0.025109398178756237,sparsa-sequence-pair-40m-20260911-long-step-2500-ema-average,single_seq,NVIDIA H100 80GB HBM3,79.1806640625,gb95a30,Linux-6.8.12-680-6063-coreweave-amd64-f81899c8-x86_64-with-glibc2.41,2.10.0+cu128,2026-09-11T18:00:06.769550+00:00
8an4_A,foldbench_monomer,eval-test,196,18915,0.02531188167631626,sparsa-sequence-pair-40m-20260911-long-step-2500-ema-average,single_seq,NVIDIA H100 80GB HBM3,79.1806640625,gb95a30,Linux-6.8.12-680-6063-coreweave-amd64-f81899c8-x86_64-with-glibc2.41,2.10.0+cu128,2026-09-11T18:00:06.814823+00:00
8qnf_A,foldbench_monomer,eval-test,537,99681,0.061689404770731926,sparsa-sequence-pair-40m-20260911-long-step-2500-ema-average,single_seq,NVIDIA H100 80GB HBM3,79.1806640625,gb95a30,Linux-6.8.12-680-6063-coreweave-amd64-f81899c8-x86_64-with-glibc2.41,2.10.0+cu128,2026-09-11T18:00:06.936566+00:00
8s5b_A,foldbench_monomer,eval-test,396,70876,0.04131643194705248,sparsa-sequence-pair-40m-20260911-long-step-2500-ema-average,single_seq,NVIDIA H100 80GB HBM3,79.1806640625,gb95a30,Linux-6.8.12-680-6063-coreweave-amd64-f81899c8-x86_64-with-glibc2.41,2.10.0+cu128,2026-09-11T18:00:07.069892+00:00
8s9l_A,foldbench_monomer,eval-test,270,28920,0.028760062530636787,sparsa-sequence-pair-40m-20260911-long-step-2500-ema-average,single_seq,NVIDIA H100 80GB HBM3,79.1806640625,gb95a30,Linux-6.8.12-680-6063-coreweave-amd64-f81899c8-x86_64-with-glibc2.41,2.10.0+cu128,2026-09-11T18:00:07.148240+00:00
8sot_A,foldbench_monomer,eval-test,116,6670,0.010918824002146721,sparsa-sequence-pair-40m-20260911-long-step-2500-ema-average,single_seq,NVIDIA H100 80GB HBM3,79.1806640625,gb95a30,Linux-6.8.12-680-6063-coreweave-amd64-f81899c8-x86_64-with-glibc2.41,2.10.0+cu128,2026-09-11T18:00:07.180258+00:00
8spc_A,foldbench_monomer,eval-test,415,68265,0.04534870758652687,sparsa-sequence-pair-40m-20260911-long-step-2500-ema-average,single_seq,NVIDIA H100 80GB HBM3,79.1806640625,gb95a30,Linux-6.8.12-680-6063-coreweave-amd64-f81899c8-x86_64-with-glibc2.41,2.10.0+cu128,2026-09-11T18:00:07.264044+00:00
8suc_A,foldbench_monomer,eval-test,283,39621,0.021134465001523495,sparsa-sequence-pair-40m-20260911-long-step-2500-ema-average,single_seq,NVIDIA H100 80GB HBM3,79.1806640625,gb95a30,Linux-6.8.12-680-6063-coreweave-amd64-f81899c8-x86_64-with-glibc2.41,2.10.0+cu128,2026-09-11T18:00:07.339942+00:00
8sv7_A,foldbench_monomer,eval-test,276,36856,0.029797918163239956,sparsa-sequence-pair-40m-20260911-long-step-2500-ema-average,single_seq,NVIDIA H100 80GB HBM3,79.1806640625,gb95a30,Linux-6.8.12-680-6063-coreweave-amd64-f81899c8-x86_64-with-glibc2.41,2.10.0+cu128,2026-09-11T18:00:07.406493+00:00
8sx0_A,foldbench_monomer,eval-test,111,4560,0.026321742683649063,sparsa-sequence-pair-40m-20260911-long-step-2500-ema-average,single_seq,NVIDIA H100 80GB HBM3,79.1806640625,gb95a30,Linux-6.8.12-680-6063-coreweave-amd64-f81899c8-x86_64-with-glibc2.41,2.10.0+cu128,2026-09-11T18:00:07.453929+00:00
8sxs_A,foldbench_monomer,eval-test,126,7875,0.02186683937907219,sparsa-sequence-pair-40m-20260911-long-step-2500-ema-average,single_seq,NVIDIA H100 80GB HBM3,79.1806640625,gb95a30,Linux-6.8.12-680-6063-coreweave-amd64-f81899c8-x86_64-with-glibc2.41,2.10.0+cu128,2026-09-11T18:00:07.485482+00:00
8gm7_A,foldbench_monomer,eval-test,170,14028,0.012410948053002357,sparsa-sequence-pair-40m-20260911-long-step-2500-ema-average,single_seq,NVIDIA H100 80GB HBM3,79.1806640625,gb95a30,Linux-6.8.12-680-6063-coreweave-amd64-f81899c8-x86_64-with-glibc2.41,2.10.0+cu128,2026-09-11T18:00:07.511225+00:00
8t27_A,foldbench_monomer,eval-test,509,126756,0.05173020716756582,sparsa-sequence-pair-40m-20260911-long-step-2500-ema-average,single_seq,NVIDIA H100 80GB HBM3,79.1806640625,gb95a30,Linux-6.8.12-680-6063-coreweave-amd64-f81899c8-x86_64-with-glibc2.41,2.10.0+cu128,2026-09-11T18:00:07.633474+00:00
8t2j_A,foldbench_monomer,eval-test,345,57291,0.03536663670092821,sparsa-sequence-pair-40m-20260911-long-step-2500-ema-average,single_seq,NVIDIA H100 80GB HBM3,79.1806640625,gb95a30,Linux-6.8.12-680-6063-coreweave-amd64-f81899c8-x86_64-with-glibc2.41,2.10.0+cu128,2026-09-11T18:00:07.748135+00:00
8t41_A,foldbench_monomer,eval-test,867,368511,0.15125921927392483,sparsa-sequence-pair-40m-20260911-long-step-2500-ema-average,single_seq,NVIDIA H100 80GB HBM3,79.1806640625,gb95a30,Linux-6.8.12-680-6063-coreweave-amd64-f81899c8-x86_64-with-glibc2.41,2.10.0+cu128,2026-09-11T18:00:08.109406+00:00
8t4c_A,foldbench_monomer,eval-test,147,10296,0.022601066157221794,sparsa-sequence-pair-40m-20260911-long-step-2500-ema-average,single_seq,NVIDIA H100 80GB HBM3,79.1806640625,gb95a30,Linux-6.8.12-680-6063-coreweave-amd64-f81899c8-x86_64-with-glibc2.41,2.10.0+cu128,2026-09-11T18:00:08.287301+00:00
8t5t_A,foldbench_monomer,eval-test,208,18915,0.014455806463956833,sparsa-sequence-pair-40m-20260911-long-step-2500-ema-average,single_seq,NVIDIA H100 80GB HBM3,79.1806640625,gb95a30,Linux-6.8.12-680-6063-coreweave-amd64-f81899c8-x86_64-with-glibc2.41,2.10.0+cu128,2026-09-11T18:00:08.318292+00:00
8t8k_A,foldbench_monomer,eval-test,184,16653,0.024951121769845486,sparsa-sequence-pair-40m-20260911-long-step-2500-ema-average,single_seq,NVIDIA H100 80GB HBM3,79.1806640625,gb95a30,Linux-6.8.12-680-6063-coreweave-amd64-f81899c8-x86_64-with-glibc2.41,2.10.0+cu128,2026-09-11T18:00:08.363239+00:00
8t93_A,foldbench_monomer,eval-test,249,23220,0.017984947189688683,sparsa-sequence-pair-40m-20260911-long-step-2500-ema-average,single_seq,NVIDIA H100 80GB HBM3,79.1806640625,gb95a30,Linux-6.8.12-680-6063-coreweave-amd64-f81899c8-x86_64-with-glibc2.41,2.10.0+cu128,2026-09-11T18:00:08.402857+00:00
8t9n_A,foldbench_monomer,eval-test,135,9045,0.021210999228060246,sparsa-sequence-pair-40m-20260911-long-step-2500-ema-average,single_seq,NVIDIA H100 80GB HBM3,79.1806640625,gb95a30,Linux-6.8.12-680-6063-coreweave-amd64-f81899c8-x86_64-with-glibc2.41,2.10.0+cu128,2026-09-11T18:00:08.444221+00:00
8te9_A,foldbench_monomer,eval-test,336,47278,0.03587298095226288,sparsa-sequence-pair-40m-20260911-long-step-2500-ema-average,single_seq,NVIDIA H100 80GB HBM3,79.1806640625,gb95a30,Linux-6.8.12-680-6063-coreweave-amd64-f81899c8-x86_64-with-glibc2.41,2.10.0+cu128,2026-09-11T18:00:08.509961+00:00
8tfo_A,foldbench_monomer,eval-test,416,75855,0.04245877545326948,sparsa-sequence-pair-40m-20260911-long-step-2500-ema-average,single_seq,NVIDIA H100 80GB HBM3,79.1806640625,gb95a30,Linux-6.8.12-680-6063-coreweave-amd64-f81899c8-x86_64-with-glibc2.41,2.10.0+cu128,2026-09-11T18:00:08.614588+00:00
8tfs_A,foldbench_monomer,eval-test,186,9870,0.025439942255616188,sparsa-sequence-pair-40m-20260911-long-step-2500-ema-average,single_seq,NVIDIA H100 80GB HBM3,79.1806640625,gb95a30,Linux-6.8.12-680-6063-coreweave-amd64-f81899c8-x86_64-with-glibc2.41,2.10.0+cu128,2026-09-11T18:00:08.684288+00:00
8hic_A,foldbench_monomer,eval-test,414,77815,0.0433739610016346,sparsa-sequence-pair-40m-20260911-long-step-2500-ema-average,single_seq,NVIDIA H100 80GB HBM3,79.1806640625,gb95a30,Linux-6.8.12-680-6063-coreweave-amd64-f81899c8-x86_64-with-glibc2.41,2.10.0+cu128,2026-09-11T18:00:08.774754+00:00
8ti5_A,foldbench_monomer,eval-test,134,8515,0.010928357020020485,sparsa-sequence-pair-40m-20260911-long-step-2500-ema-average,single_seq,NVIDIA H100 80GB HBM3,79.1806640625,gb95a30,Linux-6.8.12-680-6063-coreweave-amd64-f81899c8-x86_64-with-glibc2.41,2.10.0+cu128,2026-09-11T18:00:08.824666+00:00
8tjg_A,foldbench_monomer,eval-test,260,31125,0.018901459872722626,sparsa-sequence-pair-40m-20260911-long-step-2500-ema-average,single_seq,NVIDIA H100 80GB HBM3,79.1806640625,gb95a30,Linux-6.8.12-680-6063-coreweave-amd64-f81899c8-x86_64-with-glibc2.41,2.10.0+cu128,2026-09-11T18:00:08.864857+00:00
8tru_A,foldbench_monomer,eval-test,408,71253,0.035628991201519966,sparsa-sequence-pair-40m-20260911-long-step-2500-ema-average,single_seq,NVIDIA H100 80GB HBM3,79.1806640625,gb95a30,Linux-6.8.12-680-6063-coreweave-amd64-f81899c8-x86_64-with-glibc2.41,2.10.0+cu128,2026-09-11T18:00:08.950356+00:00
8tse_A,foldbench_monomer,eval-test,428,83436,0.04468289576470852,sparsa-sequence-pair-40m-20260911-long-step-2500-ema-average,single_seq,NVIDIA H100 80GB HBM3,79.1806640625,gb95a30,Linux-6.8.12-680-6063-coreweave-amd64-f81899c8-x86_64-with-glibc2.41,2.10.0+cu128,2026-09-11T18:00:09.072065+00:00
8tuk_A,foldbench_monomer,eval-test,322,41905,0.02513790689408779,sparsa-sequence-pair-40m-20260911-long-step-2500-ema-average,single_seq,NVIDIA H100 80GB HBM3,79.1806640625,gb95a30,Linux-6.8.12-680-6063-coreweave-amd64-f81899c8-x86_64-with-glibc2.41,2.10.0+cu128,2026-09-11T18:00:09.156831+00:00
8tw1_A,foldbench_monomer,eval-test,286,37401,0.02136045042425394,sparsa-sequence-pair-40m-20260911-long-step-2500-ema-average,single_seq,NVIDIA H100 80GB HBM3,79.1806640625,gb95a30,Linux-6.8.12-680-6063-coreweave-amd64-f81899c8-x86_64-with-glibc2.41,2.10.0+cu128,2026-09-11T18:00:09.219475+00:00
8tyh_A,foldbench_monomer,eval-test,538,55278,0.06154753640294075,sparsa-sequence-pair-40m-20260911-long-step-2500-ema-average,single_seq,NVIDIA H100 80GB HBM3,79.1806640625,gb95a30,Linux-6.8.12-680-6063-coreweave-amd64-f81899c8-x86_64-with-glibc2.41,2.10.0+cu128,2026-09-11T18:00:09.325868+00:00
8u0i_A,foldbench_monomer,eval-test,90,3655,0.0220454977825284,sparsa-sequence-pair-40m-20260911-long-step-2500-ema-average,single_seq,NVIDIA H100 80GB HBM3,79.1806640625,gb95a30,Linux-6.8.12-680-6063-coreweave-amd64-f81899c8-x86_64-with-glibc2.41,2.10.0+cu128,2026-09-11T18:00:09.409444+00:00
8u0x_A,foldbench_monomer,eval-test,186,15400,0.013390770182013512,sparsa-sequence-pair-40m-20260911-long-step-2500-ema-average,single_seq,NVIDIA H100 80GB HBM3,79.1806640625,gb95a30,Linux-6.8.12-680-6063-coreweave-amd64-f81899c8-x86_64-with-glibc2.41,2.10.0+cu128,2026-09-11T18:00:09.435349+00:00
8u2f_A,foldbench_monomer,eval-test,149,9316,0.021532475017011166,sparsa-sequence-pair-40m-20260911-long-step-2500-ema-average,single_seq,NVIDIA H100 80GB HBM3,79.1806640625,gb95a30,Linux-6.8.12-680-6063-coreweave-amd64-f81899c8-x86_64-with-glibc2.41,2.10.0+cu128,2026-09-11T18:00:09.471781+00:00
8ubs_A,foldbench_monomer,eval-test,151,11175,0.011502585373818874,sparsa-sequence-pair-40m-20260911-long-step-2500-ema-average,single_seq,NVIDIA H100 80GB HBM3,79.1806640625,gb95a30,Linux-6.8.12-680-6063-coreweave-amd64-f81899c8-x86_64-with-glibc2.41,2.10.0+cu128,2026-09-11T18:00:09.498893+00:00
8uds_A,foldbench_monomer,eval-test,167,10731,0.023342374712228775,sparsa-sequence-pair-40m-20260911-long-step-2500-ema-average,single_seq,NVIDIA H100 80GB HBM3,79.1806640625,gb95a30,Linux-6.8.12-680-6063-coreweave-amd64-f81899c8-x86_64-with-glibc2.41,2.10.0+cu128,2026-09-11T18:00:09.535742+00:00
8tls_A,foldbench_monomer,eval-test,116,6670,0.011027517728507519,sparsa-sequence-pair-40m-20260911-long-step-2500-ema-average,single_seq,NVIDIA H100 80GB HBM3,79.1806640625,gb95a30,Linux-6.8.12-680-6063-coreweave-amd64-f81899c8-x86_64-with-glibc2.41,2.10.0+cu128,2026-09-11T18:00:09.558837+00:00
8ujw_A,foldbench_monomer,eval-test,264,16471,0.029284901916980743,sparsa-sequence-pair-40m-20260911-long-step-2500-ema-average,single_seq,NVIDIA H100 80GB HBM3,79.1806640625,gb95a30,Linux-6.8.12-680-6063-coreweave-amd64-f81899c8-x86_64-with-glibc2.41,2.10.0+cu128,2026-09-11T18:00:09.602000+00:00
8uk7_A,foldbench_monomer,eval-test,138,6670,0.011027335189282894,sparsa-sequence-pair-40m-20260911-long-step-2500-ema-average,single_seq,NVIDIA H100 80GB HBM3,79.1806640625,gb95a30,Linux-6.8.12-680-6063-coreweave-amd64-f81899c8-x86_64-with-glibc2.41,2.10.0+cu128,2026-09-11T18:00:09.633597+00:00
8upi_A,foldbench_monomer,eval-test,523,129795,0.058459716849029064,sparsa-sequence-pair-40m-20260911-long-step-2500-ema-average,single_seq,NVIDIA H100 80GB HBM3,79.1806640625,gb95a30,Linux-6.8.12-680-6063-coreweave-amd64-f81899c8-x86_64-with-glibc2.41,2.10.0+cu128,2026-09-11T18:00:09.763891+00:00
8ux2_A,foldbench_monomer,eval-test,246,28441,0.01775910798460245,sparsa-sequence-pair-40m-20260911-long-step-2500-ema-average,single_seq,NVIDIA H100 80GB HBM3,79.1806640625,gb95a30,Linux-6.8.12-680-6063-coreweave-amd64-f81899c8-x86_64-with-glibc2.41,2.10.0+cu128,2026-09-11T18:00:09.849596+00:00
8v3m_A,foldbench_monomer,eval-test,524,124750,0.05856672767549753,sparsa-sequence-pair-40m-20260911-long-step-2500-ema-average,single_seq,NVIDIA H100 80GB HBM3,79.1806640625,gb95a30,Linux-6.8.12-680-6063-coreweave-amd64-f81899c8-x86_64-with-glibc2.41,2.10.0+cu128,2026-09-11T18:00:09.982187+00:00
8v6t_A,foldbench_monomer,eval-test,172,14706,0.012558361515402794,sparsa-sequence-pair-40m-20260911-long-step-2500-ema-average,single_seq,NVIDIA H100 80GB HBM3,79.1806640625,gb95a30,Linux-6.8.12-680-6063-coreweave-amd64-f81899c8-x86_64-with-glibc2.41,2.10.0+cu128,2026-09-11T18:00:10.061611+00:00
8vcw_A,foldbench_monomer,eval-test,327,53301,0.025868861004710197,sparsa-sequence-pair-40m-20260911-long-step-2500-ema-average,single_seq,NVIDIA H100 80GB HBM3,79.1806640625,gb95a30,Linux-6.8.12-680-6063-coreweave-amd64-f81899c8-x86_64-with-glibc2.41,2.10.0+cu128,2026-09-11T18:00:10.122329+00:00
8vh7_A,foldbench_monomer,eval-test,552,135981,0.06337538827210665,sparsa-sequence-pair-40m-20260911-long-step-2500-ema-average,single_seq,NVIDIA H100 80GB HBM3,79.1806640625,gb95a30,Linux-6.8.12-680-6063-coreweave-amd64-f81899c8-x86_64-with-glibc2.41,2.10.0+cu128,2026-09-11T18:00:10.274789+00:00
8vpo_A,foldbench_monomer,eval-test,472,100128,0.050817349925637245,sparsa-sequence-pair-40m-20260911-long-step-2500-ema-average,single_seq,NVIDIA H100 80GB HBM3,79.1806640625,gb95a30,Linux-6.8.12-680-6063-coreweave-amd64-f81899c8-x86_64-with-glibc2.41,2.10.0+cu128,2026-09-11T18:00:10.437290+00:00
8vqk_A,foldbench_monomer,eval-test,440,80200,0.046802159398794174,sparsa-sequence-pair-40m-20260911-long-step-2500-ema-average,single_seq,NVIDIA H100 80GB HBM3,79.1806640625,gb95a30,Linux-6.8.12-680-6063-coreweave-amd64-f81899c8-x86_64-with-glibc2.41,2.10.0+cu128,2026-09-11T18:00:10.568356+00:00
8w6v_A,foldbench_monomer,eval-test,536,121771,0.06048222724348307,sparsa-sequence-pair-40m-20260911-long-step-2500-ema-average,single_seq,NVIDIA H100 80GB HBM3,79.1806640625,gb95a30,Linux-6.8.12-680-6063-coreweave-amd64-f81899c8-x86_64-with-glibc2.41,2.10.0+cu128,2026-09-11T18:00:10.731168+00:00
8w7p_A,foldbench_monomer,eval-test,274,31125,0.029603442177176476,sparsa-sequence-pair-40m-20260911-long-step-2500-ema-average,single_seq,NVIDIA H100 80GB HBM3,79.1806640625,gb95a30,Linux-6.8.12-680-6063-coreweave-amd64-f81899c8-x86_64-with-glibc2.41,2.10.0+cu128,2026-09-11T18:00:10.839882+00:00
8wac_A,foldbench_monomer,eval-test,127,7021,0.010992529802024364,sparsa-sequence-pair-40m-20260911-long-step-2500-ema-average,single_seq,NVIDIA H100 80GB HBM3,79.1806640625,gb95a30,Linux-6.8.12-680-6063-coreweave-amd64-f81899c8-x86_64-with-glibc2.41,2.10.0+cu128,2026-09-11T18:00:10.873214+00:00
8wae_A,foldbench_monomer,eval-test,118,5671,0.010992858558893204,sparsa-sequence-pair-40m-20260911-long-step-2500-ema-average,single_seq,NVIDIA H100 80GB HBM3,79.1806640625,gb95a30,Linux-6.8.12-680-6063-coreweave-amd64-f81899c8-x86_64-with-glibc2.41,2.10.0+cu128,2026-09-11T18:00:10.893466+00:00
8wc1_A,foldbench_monomer,eval-test,178,11325,0.012838874012231827,sparsa-sequence-pair-40m-20260911-long-step-2500-ema-average,single_seq,NVIDIA H100 80GB HBM3,79.1806640625,gb95a30,Linux-6.8.12-680-6063-coreweave-amd64-f81899c8-x86_64-with-glibc2.41,2.10.0+cu128,2026-09-11T18:00:10.917930+00:00
8wcf_A,foldbench_monomer,eval-test,160,12720,0.011679651215672493,sparsa-sequence-pair-40m-20260911-long-step-2500-ema-average,single_seq,NVIDIA H100 80GB HBM3,79.1806640625,gb95a30,Linux-6.8.12-680-6063-coreweave-amd64-f81899c8-x86_64-with-glibc2.41,2.10.0+cu128,2026-09-11T18:00:10.944851+00:00
8whj_A,foldbench_monomer,eval-test,264,29403,0.018990463577210903,sparsa-sequence-pair-40m-20260911-long-step-2500-ema-average,single_seq,NVIDIA H100 80GB HBM3,79.1806640625,gb95a30,Linux-6.8.12-680-6063-coreweave-amd64-f81899c8-x86_64-with-glibc2.41,2.10.0+cu128,2026-09-11T18:00:10.985759+00:00
8whn_A,foldbench_monomer,eval-test,161,10011,0.01203926745802164,sparsa-sequence-pair-40m-20260911-long-step-2500-ema-average,single_seq,NVIDIA H100 80GB HBM3,79.1806640625,gb95a30,Linux-6.8.12-680-6063-coreweave-amd64-f81899c8-x86_64-with-glibc2.41,2.10.0+cu128,2026-09-11T18:00:11.020616+00:00
8wik_A,foldbench_monomer,eval-test,373,66066,0.03105990495532751,sparsa-sequence-pair-40m-20260911-long-step-2500-ema-average,single_seq,NVIDIA H100 80GB HBM3,79.1806640625,gb95a30,Linux-6.8.12-680-6063-coreweave-amd64-f81899c8-x86_64-with-glibc2.41,2.10.0+cu128,2026-09-11T18:00:11.091977+00:00
8wj5_A,foldbench_monomer,eval-test,140,8385,0.022063568234443665,sparsa-sequence-pair-40m-20260911-long-step-2500-ema-average,single_seq,NVIDIA H100 80GB HBM3,79.1806640625,gb95a30,Linux-6.8.12-680-6063-coreweave-amd64-f81899c8-x86_64-with-glibc2.41,2.10.0+cu128,2026-09-11T18:00:11.146990+00:00
8kbl_A,foldbench_monomer,eval-test,104,5356,0.02284245938062668,sparsa-sequence-pair-40m-20260911-long-step-2500-ema-average,single_seq,NVIDIA H100 80GB HBM3,79.1806640625,gb95a30,Linux-6.8.12-680-6063-coreweave-amd64-f81899c8-x86_64-with-glibc2.41,2.10.0+cu128,2026-09-11T18:00:11.179929+00:00
8wnj_A,foldbench_monomer,eval-test,920,419986,0.1685593407601118,sparsa-sequence-pair-40m-20260911-long-step-2500-ema-average,single_seq,NVIDIA H100 80GB HBM3,79.1806640625,gb95a30,Linux-6.8.12-680-6063-coreweave-amd64-f81899c8-x86_64-with-glibc2.41,2.10.0+cu128,2026-09-11T18:00:11.564120+00:00
8wrx_A,foldbench_monomer,eval-test,88,3655,0.011810719035565853,sparsa-sequence-pair-40m-20260911-long-step-2500-ema-average,single_seq,NVIDIA H100 80GB HBM3,79.1806640625,gb95a30,Linux-6.8.12-680-6063-coreweave-amd64-f81899c8-x86_64-with-glibc2.41,2.10.0+cu128,2026-09-11T18:00:11.759392+00:00
8wt3_A,foldbench_monomer,eval-test,135,8911,0.011267839930951595,sparsa-sequence-pair-40m-20260911-long-step-2500-ema-average,single_seq,NVIDIA H100 80GB HBM3,79.1806640625,gb95a30,Linux-6.8.12-680-6063-coreweave-amd64-f81899c8-x86_64-with-glibc2.41,2.10.0+cu128,2026-09-11T18:00:11.780270+00:00
8wim_A,foldbench_monomer,eval-test,620,162735,0.07735143415629864,sparsa-sequence-pair-40m-20260911-long-step-2500-ema-average,single_seq,NVIDIA H100 80GB HBM3,79.1806640625,gb95a30,Linux-6.8.12-680-6063-coreweave-amd64-f81899c8-x86_64-with-glibc2.41,2.10.0+cu128,2026-09-11T18:00:11.945158+00:00
8x7c_A,foldbench_monomer,eval-test,353,61075,0.0371855441480875,sparsa-sequence-pair-40m-20260911-long-step-2500-ema-average,single_seq,NVIDIA H100 80GB HBM3,79.1806640625,gb95a30,Linux-6.8.12-680-6063-coreweave-amd64-f81899c8-x86_64-with-glibc2.41,2.10.0+cu128,2026-09-11T18:00:12.095766+00:00
8xf9_A,foldbench_monomer,eval-test,283,38781,0.021277688443660736,sparsa-sequence-pair-40m-20260911-long-step-2500-ema-average,single_seq,NVIDIA H100 80GB HBM3,79.1806640625,gb95a30,Linux-6.8.12-680-6063-coreweave-amd64-f81899c8-x86_64-with-glibc2.41,2.10.0+cu128,2026-09-11T18:00:12.163472+00:00
8xif_A,foldbench_monomer,eval-test,224,24753,0.027830518782138824,sparsa-sequence-pair-40m-20260911-long-step-2500-ema-average,single_seq,NVIDIA H100 80GB HBM3,79.1806640625,gb95a30,Linux-6.8.12-680-6063-coreweave-amd64-f81899c8-x86_64-with-glibc2.41,2.10.0+cu128,2026-09-11T18:00:12.220888+00:00
8xjg_A,foldbench_monomer,eval-test,153,10878,0.02388382237404585,sparsa-sequence-pair-40m-20260911-long-step-2500-ema-average,single_seq,NVIDIA H100 80GB HBM3,79.1806640625,gb95a30,Linux-6.8.12-680-6063-coreweave-amd64-f81899c8-x86_64-with-glibc2.41,2.10.0+cu128,2026-09-11T18:00:12.264348+00:00
8xpk_A,foldbench_monomer,eval-test,269,32131,0.02868122886866331,sparsa-sequence-pair-40m-20260911-long-step-2500-ema-average,single_seq,NVIDIA H100 80GB HBM3,79.1806640625,gb95a30,Linux-6.8.12-680-6063-coreweave-amd64-f81899c8-x86_64-with-glibc2.41,2.10.0+cu128,2026-09-11T18:00:12.316110+00:00
8y9p_A,foldbench_monomer,eval-test,256,18915,0.029432620853185654,sparsa-sequence-pair-40m-20260911-long-step-2500-ema-average,single_seq,NVIDIA H100 80GB HBM3,79.1806640625,gb95a30,Linux-6.8.12-680-6063-coreweave-amd64-f81899c8-x86_64-with-glibc2.41,2.10.0+cu128,2026-09-11T18:00:12.371887+00:00
8ye0_A,foldbench_monomer,eval-test,290,41328,0.021895062178373337,sparsa-sequence-pair-40m-20260911-long-step-2500-ema-average,single_seq,NVIDIA H100 80GB HBM3,79.1806640625,gb95a30,Linux-6.8.12-680-6063-coreweave-amd64-f81899c8-x86_64-with-glibc2.41,2.10.0+cu128,2026-09-11T18:00:12.429148+00:00
8wqn_A,foldbench_monomer,eval-test,173,11935,0.012616240419447422,sparsa-sequence-pair-40m-20260911-long-step-2500-ema-average,single_seq,NVIDIA H100 80GB HBM3,79.1806640625,gb95a30,Linux-6.8.12-680-6063-coreweave-amd64-f81899c8-x86_64-with-glibc2.41,2.10.0+cu128,2026-09-11T18:00:12.468303+00:00
8yxk_A,foldbench_monomer,eval-test,201,11325,0.025785609148442745,sparsa-sequence-pair-40m-20260911-long-step-2500-ema-average,single_seq,NVIDIA H100 80GB HBM3,79.1806640625,gb95a30,Linux-6.8.12-680-6063-coreweave-amd64-f81899c8-x86_64-with-glibc2.41,2.10.0+cu128,2026-09-11T18:00:12.508602+00:00
8z4q_A,foldbench_monomer,eval-test,473,106491,0.051716528832912445,sparsa-sequence-pair-40m-20260911-long-step-2500-ema-average,single_seq,NVIDIA H100 80GB HBM3,79.1806640625,gb95a30,Linux-6.8.12-680-6063-coreweave-amd64-f81899c8-x86_64-with-glibc2.41,2.10.0+cu128,2026-09-11T18:00:12.623420+00:00
8hel_A,foldbench_monomer,eval-test,76,2278,0.024155515246093273,sparsa-sequence-pair-40m-20260911-long-step-2500-ema-average,single_seq,NVIDIA H100 80GB HBM3,79.1806640625,gb95a30,Linux-6.8.12-680-6063-coreweave-amd64-f81899c8-x86_64-with-glibc2.41,2.10.0+cu128,2026-09-11T18:00:12.695970+00:00
8zqf_A,foldbench_monomer,eval-test,214,19306,0.01498080138117075,sparsa-sequence-pair-40m-20260911-long-step-2500-ema-average,single_seq,NVIDIA H100 80GB HBM3,79.1806640625,gb95a30,Linux-6.8.12-680-6063-coreweave-amd64-f81899c8-x86_64-with-glibc2.41,2.10.0+cu128,2026-09-11T18:00:12.725077+00:00
9aue_A,foldbench_monomer,eval-test,415,85905,0.037000891752541065,sparsa-sequence-pair-40m-20260911-long-step-2500-ema-average,single_seq,NVIDIA H100 80GB HBM3,79.1806640625,gb95a30,Linux-6.8.12-680-6063-coreweave-amd64-f81899c8-x86_64-with-glibc2.41,2.10.0+cu128,2026-09-11T18:00:12.814780+00:00
9azz_A,foldbench_monomer,eval-test,186,15051,0.013215071521699429,sparsa-sequence-pair-40m-20260911-long-step-2500-ema-average,single_seq,NVIDIA H100 80GB HBM3,79.1806640625,gb95a30,Linux-6.8.12-680-6063-coreweave-amd64-f81899c8-x86_64-with-glibc2.41,2.10.0+cu128,2026-09-11T18:00:12.871549+00:00
9b1u_A,foldbench_monomer,eval-test,310,44253,0.03235465567559004,sparsa-sequence-pair-40m-20260911-long-step-2500-ema-average,single_seq,NVIDIA H100 80GB HBM3,79.1806640625,gb95a30,Linux-6.8.12-680-6063-coreweave-amd64-f81899c8-x86_64-with-glibc2.41,2.10.0+cu128,2026-09-11T18:00:12.935334+00:00
9b8e_A,foldbench_monomer,eval-test,233,24310,0.016590720042586327,sparsa-sequence-pair-40m-20260911-long-step-2500-ema-average,single_seq,NVIDIA H100 80GB HBM3,79.1806640625,gb95a30,Linux-6.8.12-680-6063-coreweave-amd64-f81899c8-x86_64-with-glibc2.41,2.10.0+cu128,2026-09-11T18:00:12.984899+00:00
9bks_A,foldbench_monomer,eval-test,80,2628,0.02699942607432604,sparsa-sequence-pair-40m-20260911-long-step-2500-ema-average,single_seq,NVIDIA H100 80GB HBM3,79.1806640625,gb95a30,Linux-6.8.12-680-6063-coreweave-amd64-f81899c8-x86_64-with-glibc2.41,2.10.0+cu128,2026-09-11T18:00:13.026768+00:00
9bjx_A,foldbench_monomer,eval-test,368,67528,0.03776469361037016,sparsa-sequence-pair-40m-20260911-long-step-2500-ema-average,single_seq,NVIDIA H100 80GB HBM3,79.1806640625,gb95a30,Linux-6.8.12-680-6063-coreweave-amd64-f81899c8-x86_64-with-glibc2.41,2.10.0+cu128,2026-09-11T18:00:13.101263+00:00
9cfj_A,foldbench_monomer,eval-test,276,37675,0.020502914674580097,sparsa-sequence-pair-40m-20260911-long-step-2500-ema-average,single_seq,NVIDIA H100 80GB HBM3,79.1806640625,gb95a30,Linux-6.8.12-680-6063-coreweave-amd64-f81899c8-x86_64-with-glibc2.41,2.10.0+cu128,2026-09-11T18:00:13.168021+00:00
9crn_A,foldbench_monomer,eval-test,379,64980,0.03944397810846567,sparsa-sequence-pair-40m-20260911-long-step-2500-ema-average,single_seq,NVIDIA H100 80GB HBM3,79.1806640625,gb95a30,Linux-6.8.12-680-6063-coreweave-amd64-f81899c8-x86_64-with-glibc2.41,2.10.0+cu128,2026-09-11T18:00:13.255756+00:00
9d91_A,foldbench_monomer,eval-test,320,49141,0.02451952639967203,sparsa-sequence-pair-40m-20260911-long-step-2500-ema-average,single_seq,NVIDIA H100 80GB HBM3,79.1806640625,gb95a30,Linux-6.8.12-680-6063-coreweave-amd64-f81899c8-x86_64-with-glibc2.41,2.10.0+cu128,2026-09-11T18:00:13.336253+00:00
9etn_A,foldbench_monomer,eval-test,586,151525,0.07034614309668541,sparsa-sequence-pair-40m-20260911-long-step-2500-ema-average,single_seq,NVIDIA H100 80GB HBM3,79.1806640625,gb95a30,Linux-6.8.12-680-6063-coreweave-amd64-f81899c8-x86_64-with-glibc2.41,2.10.0+cu128,2026-09-11T18:00:13.503800+00:00
9evq_A,foldbench_monomer,eval-test,226,22791,0.016281457617878914,sparsa-sequence-pair-40m-20260911-long-step-2500-ema-average,single_seq,NVIDIA H100 80GB HBM3,79.1806640625,gb95a30,Linux-6.8.12-680-6063-coreweave-amd64-f81899c8-x86_64-with-glibc2.41,2.10.0+cu128,2026-09-11T18:00:13.599830+00:00
9fce_A,foldbench_monomer,eval-test,229,21528,0.016254348680377007,sparsa-sequence-pair-40m-20260911-long-step-2500-ema-average,single_seq,NVIDIA H100 80GB HBM3,79.1806640625,gb95a30,Linux-6.8.12-680-6063-coreweave-amd64-f81899c8-x86_64-with-glibc2.41,2.10.0+cu128,2026-09-11T18:00:13.638986+00:00
9fgp_A,foldbench_monomer,eval-test,140,9730,0.011022294871509075,sparsa-sequence-pair-40m-20260911-long-step-2500-ema-average,single_seq,NVIDIA H100 80GB HBM3,79.1806640625,gb95a30,Linux-6.8.12-680-6063-coreweave-amd64-f81899c8-x86_64-with-glibc2.41,2.10.0+cu128,2026-09-11T18:00:13.667424+00:00
9f9u_A,foldbench_monomer,eval-test,170,14365,0.012401999905705452,sparsa-sequence-pair-40m-20260911-long-step-2500-ema-average,single_seq,NVIDIA H100 80GB HBM3,79.1806640625,gb95a30,Linux-6.8.12-680-6063-coreweave-amd64-f81899c8-x86_64-with-glibc2.41,2.10.0+cu128,2026-09-11T18:00:13.694126+00:00
9fow_A,foldbench_monomer,eval-test,146,7503,0.01132269948720932,sparsa-sequence-pair-40m-20260911-long-step-2500-ema-average,single_seq,NVIDIA H100 80GB HBM3,79.1806640625,gb95a30,Linux-6.8.12-680-6063-coreweave-amd64-f81899c8-x86_64-with-glibc2.41,2.10.0+cu128,2026-09-11T18:00:13.718144+00:00
9fym_A,foldbench_monomer,eval-test,330,51681,0.026043953374028206,sparsa-sequence-pair-40m-20260911-long-step-2500-ema-average,single_seq,NVIDIA H100 80GB HBM3,79.1806640625,gb95a30,Linux-6.8.12-680-6063-coreweave-amd64-f81899c8-x86_64-with-glibc2.41,2.10.0+cu128,2026-09-11T18:00:13.776618+00:00
9gso_A,foldbench_monomer,eval-test,177,13861,0.01276000589132309,sparsa-sequence-pair-40m-20260911-long-step-2500-ema-average,single_seq,NVIDIA H100 80GB HBM3,79.1806640625,gb95a30,Linux-6.8.12-680-6063-coreweave-amd64-f81899c8-x86_64-with-glibc2.41,2.10.0+cu128,2026-09-11T18:00:13.818378+00:00
9ijc_A,foldbench_monomer,eval-test,321,39340,0.025085260160267353,sparsa-sequence-pair-40m-20260911-long-step-2500-ema-average,single_seq,NVIDIA H100 80GB HBM3,79.1806640625,gb95a30,Linux-6.8.12-680-6063-coreweave-amd64-f81899c8-x86_64-with-glibc2.41,2.10.0+cu128,2026-09-11T18:00:13.871262+00:00
9iuh_A,foldbench_monomer,eval-test,411,84255,0.043030859902501106,sparsa-sequence-pair-40m-20260911-long-step-2500-ema-average,single_seq,NVIDIA H100 80GB HBM3,79.1806640625,gb95a30,Linux-6.8.12-680-6063-coreweave-amd64-f81899c8-x86_64-with-glibc2.41,2.10.0+cu128,2026-09-11T18:00:13.980261+00:00
9j0v_A,foldbench_monomer,eval-test,286,29890,0.022018437273800373,sparsa-sequence-pair-40m-20260911-long-step-2500-ema-average,single_seq,NVIDIA H100 80GB HBM3,79.1806640625,gb95a30,Linux-6.8.12-680-6063-coreweave-amd64-f81899c8-x86_64-with-glibc2.41,2.10.0+cu128,2026-09-11T18:00:14.051187+00:00
9jq9_A,foldbench_monomer,eval-test,179,13530,0.013021805323660374,sparsa-sequence-pair-40m-20260911-long-step-2500-ema-average,single_seq,NVIDIA H100 80GB HBM3,79.1806640625,gb95a30,Linux-6.8.12-680-6063-coreweave-amd64-f81899c8-x86_64-with-glibc2.41,2.10.0+cu128,2026-09-11T18:00:14.090730+00:00
7pv5_A,foldbench_monomer,eval-val,81,2775,0.010998743586242199,sparsa-sequence-pair-40m-20260911-long-step-2500-ema-average,single_seq,NVIDIA H100 80GB HBM3,79.1806640625,gb95a30,Linux-6.8.12-680-6063-coreweave-amd64-f81899c8-x86_64-with-glibc2.41,2.10.0+cu128,2026-09-11T18:00:14.112601+00:00
7qp5_A,foldbench_monomer,eval-val,245,28920,0.017618395388126373,sparsa-sequence-pair-40m-20260911-long-step-2500-ema-average,single_seq,NVIDIA H100 80GB HBM3,79.1806640625,gb95a30,Linux-6.8.12-680-6063-coreweave-amd64-f81899c8-x86_64-with-glibc2.41,2.10.0+cu128,2026-09-11T18:00:14.148732+00:00
7qsj_A,foldbench_monomer,eval-val,373,59685,0.031074494123458862,sparsa-sequence-pair-40m-20260911-long-step-2500-ema-average,single_seq,NVIDIA H100 80GB HBM3,79.1806640625,gb95a30,Linux-6.8.12-680-6063-coreweave-amd64-f81899c8-x86_64-with-glibc2.41,2.10.0+cu128,2026-09-11T18:00:14.223694+00:00
7t9r_A,foldbench_monomer,eval-val,38,703,0.010959304869174957,sparsa-sequence-pair-40m-20260911-long-step-2500-ema-average,single_seq,NVIDIA H100 80GB HBM3,79.1806640625,gb95a30,Linux-6.8.12-680-6063-coreweave-amd64-f81899c8-x86_64-with-glibc2.41,2.10.0+cu128,2026-09-11T18:00:14.263415+00:00
7tlh_A,foldbench_monomer,eval-val,136,7626,0.010713608004152775,sparsa-sequence-pair-40m-20260911-long-step-2500-ema-average,single_seq,NVIDIA H100 80GB HBM3,79.1806640625,gb95a30,Linux-6.8.12-680-6063-coreweave-amd64-f81899c8-x86_64-with-glibc2.41,2.10.0+cu128,2026-09-11T18:00:14.282246+00:00
7tjb_A,foldbench_monomer,eval-val,227,24531,0.016060473397374153,sparsa-sequence-pair-40m-20260911-long-step-2500-ema-average,single_seq,NVIDIA H100 80GB HBM3,79.1806640625,gb95a30,Linux-6.8.12-680-6063-coreweave-amd64-f81899c8-x86_64-with-glibc2.41,2.10.0+cu128,2026-09-11T18:00:14.317202+00:00
7uba_A,foldbench_monomer,eval-val,213,17391,0.01496813353151083,sparsa-sequence-pair-40m-20260911-long-step-2500-ema-average,single_seq,NVIDIA H100 80GB HBM3,79.1806640625,gb95a30,Linux-6.8.12-680-6063-coreweave-amd64-f81899c8-x86_64-with-glibc2.41,2.10.0+cu128,2026-09-11T18:00:14.352939+00:00
7uk8_A,foldbench_monomer,eval-val,394,73153,0.03401734121143818,sparsa-sequence-pair-40m-20260911-long-step-2500-ema-average,single_seq,NVIDIA H100 80GB HBM3,79.1806640625,gb95a30,Linux-6.8.12-680-6063-coreweave-amd64-f81899c8-x86_64-with-glibc2.41,2.10.0+cu128,2026-09-11T18:00:14.433877+00:00
7ur2_A,foldbench_monomer,eval-val,195,12720,0.013823512010276318,sparsa-sequence-pair-40m-20260911-long-step-2500-ema-average,single_seq,NVIDIA H100 80GB HBM3,79.1806640625,gb95a30,Linux-6.8.12-680-6063-coreweave-amd64-f81899c8-x86_64-with-glibc2.41,2.10.0+cu128,2026-09-11T18:00:14.487019+00:00
7urp_A,foldbench_monomer,eval-val,160,12561,0.011673783883452415,sparsa-sequence-pair-40m-20260911-long-step-2500-ema-average,single_seq,NVIDIA H100 80GB HBM3,79.1806640625,gb95a30,Linux-6.8.12-680-6063-coreweave-amd64-f81899c8-x86_64-with-glibc2.41,2.10.0+cu128,2026-09-11T18:00:14.514795+00:00
7uvg_A,foldbench_monomer,eval-val,183,13695,0.013087834231555462,sparsa-sequence-pair-40m-20260911-long-step-2500-ema-average,single_seq,NVIDIA H100 80GB HBM3,79.1806640625,gb95a30,Linux-6.8.12-680-6063-coreweave-amd64-f81899c8-x86_64-with-glibc2.41,2.10.0+cu128,2026-09-11T18:00:14.542870+00:00
7uww_A,foldbench_monomer,eval-val,635,199396,0.07746905740350485,sparsa-sequence-pair-40m-20260911-long-step-2500-ema-average,single_seq,NVIDIA H100 80GB HBM3,79.1806640625,gb95a30,Linux-6.8.12-680-6063-coreweave-amd64-f81899c8-x86_64-with-glibc2.41,2.10.0+cu128,2026-09-11T18:00:14.726897+00:00
7v3o_A,foldbench_monomer,eval-val,328,38226,0.02564037125557661,sparsa-sequence-pair-40m-20260911-long-step-2500-ema-average,single_seq,NVIDIA H100 80GB HBM3,79.1806640625,gb95a30,Linux-6.8.12-680-6063-coreweave-amd64-f81899c8-x86_64-with-glibc2.41,2.10.0+cu128,2026-09-11T18:00:14.846403+00:00
7w15_A,foldbench_monomer,eval-val,302,42778,0.022963506169617176,sparsa-sequence-pair-40m-20260911-long-step-2500-ema-average,single_seq,NVIDIA H100 80GB HBM3,79.1806640625,gb95a30,Linux-6.8.12-680-6063-coreweave-amd64-f81899c8-x86_64-with-glibc2.41,2.10.0+cu128,2026-09-11T18:00:14.914785+00:00
7y3h_A,foldbench_monomer,eval-val,413,78210,0.03657697048038244,sparsa-sequence-pair-40m-20260911-long-step-2500-ema-average,single_seq,NVIDIA H100 80GB HBM3,79.1806640625,gb95a30,Linux-6.8.12-680-6063-coreweave-amd64-f81899c8-x86_64-with-glibc2.41,2.10.0+cu128,2026-09-11T18:00:15.010020+00:00
7wz5_A,foldbench_monomer,eval-val,161,12880,0.012020320631563663,sparsa-sequence-pair-40m-20260911-long-step-2500-ema-average,single_seq,NVIDIA H100 80GB HBM3,79.1806640625,gb95a30,Linux-6.8.12-680-6063-coreweave-amd64-f81899c8-x86_64-with-glibc2.41,2.10.0+cu128,2026-09-11T18:00:15.063056+00:00
7wzm_A,foldbench_monomer,eval-val,492,104653,0.04842077009379864,sparsa-sequence-pair-40m-20260911-long-step-2500-ema-average,single_seq,NVIDIA H100 80GB HBM3,79.1806640625,gb95a30,Linux-6.8.12-680-6063-coreweave-amd64-f81899c8-x86_64-with-glibc2.41,2.10.0+cu128,2026-09-11T18:00:15.170125+00:00
7x4p_A,foldbench_monomer,eval-val,307,46665,0.02365800365805626,sparsa-sequence-pair-40m-20260911-long-step-2500-ema-average,single_seq,NVIDIA H100 80GB HBM3,79.1806640625,gb95a30,Linux-6.8.12-680-6063-coreweave-amd64-f81899c8-x86_64-with-glibc2.41,2.10.0+cu128,2026-09-11T18:00:15.267699+00:00
7x3h_A,foldbench_monomer,eval-val,290,37950,0.021851148456335068,sparsa-sequence-pair-40m-20260911-long-step-2500-ema-average,single_seq,NVIDIA H100 80GB HBM3,79.1806640625,gb95a30,Linux-6.8.12-680-6063-coreweave-amd64-f81899c8-x86_64-with-glibc2.41,2.10.0+cu128,2026-09-11T18:00:15.329144+00:00
7x8l_A,foldbench_monomer,eval-val,514,130305,0.05263629276305437,sparsa-sequence-pair-40m-20260911-long-step-2500-ema-average,single_seq,NVIDIA H100 80GB HBM3,79.1806640625,gb95a30,Linux-6.8.12-680-6063-coreweave-amd64-f81899c8-x86_64-with-glibc2.41,2.10.0+cu128,2026-09-11T18:00:15.463872+00:00
7xcd_A,foldbench_monomer,eval-val,178,15753,0.012817129492759705,sparsa-sequence-pair-40m-20260911-long-step-2500-ema-average,single_seq,NVIDIA H100 80GB HBM3,79.1806640625,gb95a30,Linux-6.8.12-680-6063-coreweave-amd64-f81899c8-x86_64-with-glibc2.41,2.10.0+cu128,2026-09-11T18:00:15.537509+00:00
7xg9_A,foldbench_monomer,eval-val,288,40755,0.021189133636653423,sparsa-sequence-pair-40m-20260911-long-step-2500-ema-average,single_seq,NVIDIA H100 80GB HBM3,79.1806640625,gb95a30,Linux-6.8.12-680-6063-coreweave-amd64-f81899c8-x86_64-with-glibc2.41,2.10.0+cu128,2026-09-11T18:00:15.587784+00:00
7xi5_A,foldbench_monomer,eval-val,65,1596,0.010816178284585476,sparsa-sequence-pair-40m-20260911-long-step-2500-ema-average,single_seq,NVIDIA H100 80GB HBM3,79.1806640625,gb95a30,Linux-6.8.12-680-6063-coreweave-amd64-f81899c8-x86_64-with-glibc2.41,2.10.0+cu128,2026-09-11T18:00:15.619292+00:00
7xp9_A,foldbench_monomer,eval-val,84,2850,0.010856397449970245,sparsa-sequence-pair-40m-20260911-long-step-2500-ema-average,single_seq,NVIDIA H100 80GB HBM3,79.1806640625,gb95a30,Linux-6.8.12-680-6063-coreweave-amd64-f81899c8-x86_64-with-glibc2.41,2.10.0+cu128,2026-09-11T18:00:15.636314+00:00
8ycm_A,foldbench_monomer,eval-val,229,24531,0.016173659823834896,sparsa-sequence-pair-40m-20260911-long-step-2500-ema-average,single_seq,NVIDIA H100 80GB HBM3,79.1806640625,gb95a30,Linux-6.8.12-680-6063-coreweave-amd64-f81899c8-x86_64-with-glibc2.41,2.10.0+cu128,2026-09-11T18:00:15.669151+00:00
7xq4_A,foldbench_monomer,eval-val,514,119316,0.05263968091458082,sparsa-sequence-pair-40m-20260911-long-step-2500-ema-average,single_seq,NVIDIA H100 80GB HBM3,79.1806640625,gb95a30,Linux-6.8.12-680-6063-coreweave-amd64-f81899c8-x86_64-with-glibc2.41,2.10.0+cu128,2026-09-11T18:00:15.792576+00:00
7xrx_A,foldbench_monomer,eval-val,398,79003,0.034556545317173004,sparsa-sequence-pair-40m-20260911-long-step-2500-ema-average,single_seq,NVIDIA H100 80GB HBM3,79.1806640625,gb95a30,Linux-6.8.12-680-6063-coreweave-amd64-f81899c8-x86_64-with-glibc2.41,2.10.0+cu128,2026-09-11T18:00:15.919954+00:00
7xjr_A,foldbench_monomer,eval-val,337,46665,0.026908951811492443,sparsa-sequence-pair-40m-20260911-long-step-2500-ema-average,single_seq,NVIDIA H100 80GB HBM3,79.1806640625,gb95a30,Linux-6.8.12-680-6063-coreweave-amd64-f81899c8-x86_64-with-glibc2.41,2.10.0+cu128,2026-09-11T18:00:16.002615+00:00
7xyr_A,foldbench_monomer,eval-val,591,148785,0.06835756916552782,sparsa-sequence-pair-40m-20260911-long-step-2500-ema-average,single_seq,NVIDIA H100 80GB HBM3,79.1806640625,gb95a30,Linux-6.8.12-680-6063-coreweave-amd64-f81899c8-x86_64-with-glibc2.41,2.10.0+cu128,2026-09-11T18:00:16.167084+00:00
7xz3_A,foldbench_monomer,eval-val,325,37128,0.025696531869471073,sparsa-sequence-pair-40m-20260911-long-step-2500-ema-average,single_seq,NVIDIA H100 80GB HBM3,79.1806640625,gb95a30,Linux-6.8.12-680-6063-coreweave-amd64-f81899c8-x86_64-with-glibc2.41,2.10.0+cu128,2026-09-11T18:00:16.280576+00:00
7y4h_A,foldbench_monomer,eval-val,338,53956,0.02697845082730055,sparsa-sequence-pair-40m-20260911-long-step-2500-ema-average,single_seq,NVIDIA H100 80GB HBM3,79.1806640625,gb95a30,Linux-6.8.12-680-6063-coreweave-amd64-f81899c8-x86_64-with-glibc2.41,2.10.0+cu128,2026-09-11T18:00:16.357273+00:00
7y54_A,foldbench_monomer,eval-val,100,4950,0.010950389318168163,sparsa-sequence-pair-40m-20260911-long-step-2500-ema-average,single_seq,NVIDIA H100 80GB HBM3,79.1806640625,gb95a30,Linux-6.8.12-680-6063-coreweave-amd64-f81899c8-x86_64-with-glibc2.41,2.10.0+cu128,2026-09-11T18:00:16.394499+00:00
7y5m_A,foldbench_monomer,eval-val,170,11935,0.01239273976534605,sparsa-sequence-pair-40m-20260911-long-step-2500-ema-average,single_seq,NVIDIA H100 80GB HBM3,79.1806640625,gb95a30,Linux-6.8.12-680-6063-coreweave-amd64-f81899c8-x86_64-with-glibc2.41,2.10.0+cu128,2026-09-11T18:00:16.418090+00:00
7y5r_A,foldbench_monomer,eval-val,105,5460,0.010869753547012806,sparsa-sequence-pair-40m-20260911-long-step-2500-ema-average,single_seq,NVIDIA H100 80GB HBM3,79.1806640625,gb95a30,Linux-6.8.12-680-6063-coreweave-amd64-f81899c8-x86_64-with-glibc2.41,2.10.0+cu128,2026-09-11T18:00:16.440767+00:00
7y8h_A,foldbench_monomer,eval-val,100,4186,0.010848821140825748,sparsa-sequence-pair-40m-20260911-long-step-2500-ema-average,single_seq,NVIDIA H100 80GB HBM3,79.1806640625,gb95a30,Linux-6.8.12-680-6063-coreweave-amd64-f81899c8-x86_64-with-glibc2.41,2.10.0+cu128,2026-09-11T18:00:16.459249+00:00
7y8i_A,foldbench_monomer,eval-val,97,3321,0.01080443523824215,sparsa-sequence-pair-40m-20260911-long-step-2500-ema-average,single_seq,NVIDIA H100 80GB HBM3,79.1806640625,gb95a30,Linux-6.8.12-680-6063-coreweave-amd64-f81899c8-x86_64-with-glibc2.41,2.10.0+cu128,2026-09-11T18:00:16.477323+00:00
7y5j_A,foldbench_monomer,eval-val,102,4465,0.010827003046870232,sparsa-sequence-pair-40m-20260911-long-step-2500-ema-average,single_seq,NVIDIA H100 80GB HBM3,79.1806640625,gb95a30,Linux-6.8.12-680-6063-coreweave-amd64-f81899c8-x86_64-with-glibc2.41,2.10.0+cu128,2026-09-11T18:00:16.495703+00:00
7yd4_A,foldbench_monomer,eval-val,185,15931,0.013231822289526463,sparsa-sequence-pair-40m-20260911-long-step-2500-ema-average,single_seq,NVIDIA H100 80GB HBM3,79.1806640625,gb95a30,Linux-6.8.12-680-6063-coreweave-amd64-f81899c8-x86_64-with-glibc2.41,2.10.0+cu128,2026-09-11T18:00:16.521945+00:00
7yhr_A,foldbench_monomer,eval-val,60,1711,0.01087156031280756,sparsa-sequence-pair-40m-20260911-long-step-2500-ema-average,single_seq,NVIDIA H100 80GB HBM3,79.1806640625,gb95a30,Linux-6.8.12-680-6063-coreweave-amd64-f81899c8-x86_64-with-glibc2.41,2.10.0+cu128,2026-09-11T18:00:16.543382+00:00
7ykm_A,foldbench_monomer,eval-val,105,3240,0.01086756493896246,sparsa-sequence-pair-40m-20260911-long-step-2500-ema-average,single_seq,NVIDIA H100 80GB HBM3,79.1806640625,gb95a30,Linux-6.8.12-680-6063-coreweave-amd64-f81899c8-x86_64-with-glibc2.41,2.10.0+cu128,2026-09-11T18:00:16.560527+00:00
7ylr_A,foldbench_monomer,eval-val,330,52975,0.026070850901305676,sparsa-sequence-pair-40m-20260911-long-step-2500-ema-average,single_seq,NVIDIA H100 80GB HBM3,79.1806640625,gb95a30,Linux-6.8.12-680-6063-coreweave-amd64-f81899c8-x86_64-with-glibc2.41,2.10.0+cu128,2026-09-11T18:00:16.617425+00:00
8gmy_A,foldbench_monomer,eval-val,236,23871,0.016744891181588173,sparsa-sequence-pair-40m-20260911-long-step-2500-ema-average,single_seq,NVIDIA H100 80GB HBM3,79.1806640625,gb95a30,Linux-6.8.12-680-6063-coreweave-amd64-f81899c8-x86_64-with-glibc2.41,2.10.0+cu128,2026-09-11T18:00:16.669606+00:00
7yug_A,foldbench_monomer,eval-val,118,6786,0.01092393696308136,sparsa-sequence-pair-40m-20260911-long-step-2500-ema-average,single_seq,NVIDIA H100 80GB HBM3,79.1806640625,gb95a30,Linux-6.8.12-680-6063-coreweave-amd64-f81899c8-x86_64-with-glibc2.41,2.10.0+cu128,2026-09-11T18:00:16.697845+00:00
7yyg_A,foldbench_monomer,eval-val,365,37675,0.030243913643062115,sparsa-sequence-pair-40m-20260911-long-step-2500-ema-average,single_seq,NVIDIA H100 80GB HBM3,79.1806640625,gb95a30,Linux-6.8.12-680-6063-coreweave-amd64-f81899c8-x86_64-with-glibc2.41,2.10.0+cu128,2026-09-11T18:00:16.752202+00:00
7z65_A,foldbench_monomer,eval-val,283,39903,0.02111816592514515,sparsa-sequence-pair-40m-20260911-long-step-2500-ema-average,single_seq,NVIDIA H100 80GB HBM3,79.1806640625,gb95a30,Linux-6.8.12-680-6063-coreweave-amd64-f81899c8-x86_64-with-glibc2.41,2.10.0+cu128,2026-09-11T18:00:16.821143+00:00
7znz_A,foldbench_monomer,eval-val,761,289180,0.111757499165833,sparsa-sequence-pair-40m-20260911-long-step-2500-ema-average,single_seq,NVIDIA H100 80GB HBM3,79.1806640625,gb95a30,Linux-6.8.12-680-6063-coreweave-amd64-f81899c8-x86_64-with-glibc2.41,2.10.0+cu128,2026-09-11T18:00:17.093602+00:00
7zoi_A,foldbench_monomer,eval-val,151,7626,0.012056750245392323,sparsa-sequence-pair-40m-20260911-long-step-2500-ema-average,single_seq,NVIDIA H100 80GB HBM3,79.1806640625,gb95a30,Linux-6.8.12-680-6063-coreweave-amd64-f81899c8-x86_64-with-glibc2.41,2.10.0+cu128,2026-09-11T18:00:17.218228+00:00
7zs2_A,foldbench_monomer,eval-val,316,38503,0.02448618970811367,sparsa-sequence-pair-40m-20260911-long-step-2500-ema-average,single_seq,NVIDIA H100 80GB HBM3,79.1806640625,gb95a30,Linux-6.8.12-680-6063-coreweave-amd64-f81899c8-x86_64-with-glibc2.41,2.10.0+cu128,2026-09-11T18:00:17.268606+00:00
7zu3_A,foldbench_monomer,eval-val,132,7875,0.01097778044641018,sparsa-sequence-pair-40m-20260911-long-step-2500-ema-average,single_seq,NVIDIA H100 80GB HBM3,79.1806640625,gb95a30,Linux-6.8.12-680-6063-coreweave-amd64-f81899c8-x86_64-with-glibc2.41,2.10.0+cu128,2026-09-11T18:00:17.306519+00:00
7zv1_A,foldbench_monomer,eval-val,136,5886,0.010743606835603714,sparsa-sequence-pair-40m-20260911-long-step-2500-ema-average,single_seq,NVIDIA H100 80GB HBM3,79.1806640625,gb95a30,Linux-6.8.12-680-6063-coreweave-amd64-f81899c8-x86_64-with-glibc2.41,2.10.0+cu128,2026-09-11T18:00:17.327110+00:00
8adc_A,foldbench_monomer,eval-val,215,21321,0.015113353729248047,sparsa-sequence-pair-40m-20260911-long-step-2500-ema-average,single_seq,NVIDIA H100 80GB HBM3,79.1806640625,gb95a30,Linux-6.8.12-680-6063-coreweave-amd64-f81899c8-x86_64-with-glibc2.41,2.10.0+cu128,2026-09-11T18:00:17.359554+00:00
8add_A,foldbench_monomer,eval-val,213,22155,0.014967287890613079,sparsa-sequence-pair-40m-20260911-long-step-2500-ema-average,single_seq,NVIDIA H100 80GB HBM3,79.1806640625,gb95a30,Linux-6.8.12-680-6063-coreweave-amd64-f81899c8-x86_64-with-glibc2.41,2.10.0+cu128,2026-09-11T18:00:17.397222+00:00
8akh_A,foldbench_monomer,eval-val,374,51360,0.031239913776516914,sparsa-sequence-pair-40m-20260911-long-step-2500-ema-average,single_seq,NVIDIA H100 80GB HBM3,79.1806640625,gb95a30,Linux-6.8.12-680-6063-coreweave-amd64-f81899c8-x86_64-with-glibc2.41,2.10.0+cu128,2026-09-11T18:00:17.465390+00:00
8ak2_A,foldbench_monomer,eval-val,297,41616,0.022605118341743946,sparsa-sequence-pair-40m-20260911-long-step-2500-ema-average,single_seq,NVIDIA H100 80GB HBM3,79.1806640625,gb95a30,Linux-6.8.12-680-6063-coreweave-amd64-f81899c8-x86_64-with-glibc2.41,2.10.0+cu128,2026-09-11T18:00:17.537426+00:00
8arl_A,foldbench_monomer,eval-val,246,26796,0.01763863954693079,sparsa-sequence-pair-40m-20260911-long-step-2500-ema-average,single_seq,NVIDIA H100 80GB HBM3,79.1806640625,gb95a30,Linux-6.8.12-680-6063-coreweave-amd64-f81899c8-x86_64-with-glibc2.41,2.10.0+cu128,2026-09-11T18:00:17.588397+00:00
8q8i_A,foldbench_monomer,eval-val,282,38781,0.021255217492580414,sparsa-sequence-pair-40m-20260911-long-step-2500-ema-average,single_seq,NVIDIA H100 80GB HBM3,79.1806640625,gb95a30,Linux-6.8.12-680-6063-coreweave-amd64-f81899c8-x86_64-with-glibc2.41,2.10.0+cu128,2026-09-11T18:00:17.643445+00:00
8au6_A,foldbench_monomer,eval-val,321,30628,0.02509399689733982,sparsa-sequence-pair-40m-20260911-long-step-2500-ema-average,single_seq,NVIDIA H100 80GB HBM3,79.1806640625,gb95a30,Linux-6.8.12-680-6063-coreweave-amd64-f81899c8-x86_64-with-glibc2.41,2.10.0+cu128,2026-09-11T18:00:17.702390+00:00
8axj_A,foldbench_monomer,eval-val,162,12880,0.012044890783727169,sparsa-sequence-pair-40m-20260911-long-step-2500-ema-average,single_seq,NVIDIA H100 80GB HBM3,79.1806640625,gb95a30,Linux-6.8.12-680-6063-coreweave-amd64-f81899c8-x86_64-with-glibc2.41,2.10.0+cu128,2026-09-11T18:00:17.742828+00:00
8azb_A,foldbench_monomer,eval-val,521,125250,0.05415184795856476,sparsa-sequence-pair-40m-20260911-long-step-2500-ema-average,single_seq,NVIDIA H100 80GB HBM3,79.1806640625,gb95a30,Linux-6.8.12-680-6063-coreweave-amd64-f81899c8-x86_64-with-glibc2.41,2.10.0+cu128,2026-09-11T18:00:17.866215+00:00
8b2e_A,foldbench_monomer,eval-val,143,9870,0.01120121218264103,sparsa-sequence-pair-40m-20260911-long-step-2500-ema-average,single_seq,NVIDIA H100 80GB HBM3,79.1806640625,gb95a30,Linux-6.8.12-680-6063-coreweave-amd64-f81899c8-x86_64-with-glibc2.41,2.10.0+cu128,2026-09-11T18:00:17.937903+00:00
8b2g_A,foldbench_monomer,eval-val,74,2701,0.010912849567830563,sparsa-sequence-pair-40m-20260911-long-step-2500-ema-average,single_seq,NVIDIA H100 80GB HBM3,79.1806640625,gb95a30,Linux-6.8.12-680-6063-coreweave-amd64-f81899c8-x86_64-with-glibc2.41,2.10.0+cu128,2026-09-11T18:00:17.957713+00:00
8b2s_A,foldbench_monomer,eval-val,245,28680,0.017541072331368923,sparsa-sequence-pair-40m-20260911-long-step-2500-ema-average,single_seq,NVIDIA H100 80GB HBM3,79.1806640625,gb95a30,Linux-6.8.12-680-6063-coreweave-amd64-f81899c8-x86_64-with-glibc2.41,2.10.0+cu128,2026-09-11T18:00:17.993541+00:00
8b4u_A,foldbench_monomer,eval-val,277,36046,0.020602816715836525,sparsa-sequence-pair-40m-20260911-long-step-2500-ema-average,single_seq,NVIDIA H100 80GB HBM3,79.1806640625,gb95a30,Linux-6.8.12-680-6063-coreweave-amd64-f81899c8-x86_64-with-glibc2.41,2.10.0+cu128,2026-09-11T18:00:18.045966+00:00
8b5w_A,foldbench_monomer,eval-val,459,59685,0.04357741866260767,sparsa-sequence-pair-40m-20260911-long-step-2500-ema-average,single_seq,NVIDIA H100 80GB HBM3,79.1806640625,gb95a30,Linux-6.8.12-680-6063-coreweave-amd64-f81899c8-x86_64-with-glibc2.41,2.10.0+cu128,2026-09-11T18:00:18.134623+00:00
8b61_A,foldbench_monomer,eval-val,238,19306,0.017155281268060207,sparsa-sequence-pair-40m-20260911-long-step-2500-ema-average,single_seq,NVIDIA H100 80GB HBM3,79.1806640625,gb95a30,Linux-6.8.12-680-6063-coreweave-amd64-f81899c8-x86_64-with-glibc2.41,2.10.0+cu128,2026-09-11T18:00:18.204573+00:00
8b6a_A,foldbench_monomer,eval-val,214,15225,0.014978486113250256,sparsa-sequence-pair-40m-20260911-long-step-2500-ema-average,single_seq,NVIDIA H100 80GB HBM3,79.1806640625,gb95a30,Linux-6.8.12-680-6063-coreweave-amd64-f81899c8-x86_64-with-glibc2.41,2.10.0+cu128,2026-09-11T18:00:18.240296+00:00
8b6e_A,foldbench_monomer,eval-val,66,1326,0.010923998430371284,sparsa-sequence-pair-40m-20260911-long-step-2500-ema-average,single_seq,NVIDIA H100 80GB HBM3,79.1806640625,gb95a30,Linux-6.8.12-680-6063-coreweave-amd64-f81899c8-x86_64-with-glibc2.41,2.10.0+cu128,2026-09-11T18:00:18.263421+00:00
8baq_A,foldbench_monomer,eval-val,208,21528,0.014325713738799095,sparsa-sequence-pair-40m-20260911-long-step-2500-ema-average,single_seq,NVIDIA H100 80GB HBM3,79.1806640625,gb95a30,Linux-6.8.12-680-6063-coreweave-amd64-f81899c8-x86_64-with-glibc2.41,2.10.0+cu128,2026-09-11T18:00:18.292676+00:00
8bau_A,foldbench_monomer,eval-val,189,17766,0.013578884303569794,sparsa-sequence-pair-40m-20260911-long-step-2500-ema-average,single_seq,NVIDIA H100 80GB HBM3,79.1806640625,gb95a30,Linux-6.8.12-680-6063-coreweave-amd64-f81899c8-x86_64-with-glibc2.41,2.10.0+cu128,2026-09-11T18:00:18.327081+00:00
8bfy_A,foldbench_monomer,eval-val,426,77028,0.03829936496913433,sparsa-sequence-pair-40m-20260911-long-step-2500-ema-average,single_seq,NVIDIA H100 80GB HBM3,79.1806640625,gb95a30,Linux-6.8.12-680-6063-coreweave-amd64-f81899c8-x86_64-with-glibc2.41,2.10.0+cu128,2026-09-11T18:00:18.412335+00:00
8bgb_A,foldbench_monomer,eval-val,131,8385,0.010971182025969028,sparsa-sequence-pair-40m-20260911-long-step-2500-ema-average,single_seq,NVIDIA H100 80GB HBM3,79.1806640625,gb95a30,Linux-6.8.12-680-6063-coreweave-amd64-f81899c8-x86_64-with-glibc2.41,2.10.0+cu128,2026-09-11T18:00:18.465834+00:00
8bke_A,foldbench_monomer,eval-val,638,91378,0.07892581820487976,sparsa-sequence-pair-40m-20260911-long-step-2500-ema-average,single_seq,NVIDIA H100 80GB HBM3,79.1806640625,gb95a30,Linux-6.8.12-680-6063-coreweave-amd64-f81899c8-x86_64-with-glibc2.41,2.10.0+cu128,2026-09-11T18:00:18.595243+00:00
8bsb_A,foldbench_monomer,eval-val,177,12561,0.012825222685933113,sparsa-sequence-pair-40m-20260911-long-step-2500-ema-average,single_seq,NVIDIA H100 80GB HBM3,79.1806640625,gb95a30,Linux-6.8.12-680-6063-coreweave-amd64-f81899c8-x86_64-with-glibc2.41,2.10.0+cu128,2026-09-11T18:00:18.695068+00:00
8bux_A,foldbench_monomer,eval-val,334,41616,0.02652098797261715,sparsa-sequence-pair-40m-20260911-long-step-2500-ema-average,single_seq,NVIDIA H100 80GB HBM3,79.1806640625,gb95a30,Linux-6.8.12-680-6063-coreweave-amd64-f81899c8-x86_64-with-glibc2.41,2.10.0+cu128,2026-09-11T18:00:18.750792+00:00
8c4d_A,foldbench_monomer,eval-val,330,16836,0.026030014269053936,sparsa-sequence-pair-40m-20260911-long-step-2500-ema-average,single_seq,NVIDIA H100 80GB HBM3,79.1806640625,gb95a30,Linux-6.8.12-680-6063-coreweave-amd64-f81899c8-x86_64-with-glibc2.41,2.10.0+cu128,2026-09-11T18:00:18.809712+00:00
7xlz_A,foldbench_monomer,eval-val,266,28920,0.019541996531188488,sparsa-sequence-pair-40m-20260911-long-step-2500-ema-average,single_seq,NVIDIA H100 80GB HBM3,79.1806640625,gb95a30,Linux-6.8.12-680-6063-coreweave-amd64-f81899c8-x86_64-with-glibc2.41,2.10.0+cu128,2026-09-11T18:00:18.866183+00:00
8c4y_A,foldbench_monomer,eval-val,314,48516,0.024103145115077496,sparsa-sequence-pair-40m-20260911-long-step-2500-ema-average,single_seq,NVIDIA H100 80GB HBM3,79.1806640625,gb95a30,Linux-6.8.12-680-6063-coreweave-amd64-f81899c8-x86_64-with-glibc2.41,2.10.0+cu128,2026-09-11T18:00:18.929857+00:00
8cba_A,foldbench_monomer,eval-val,214,18915,0.014984505251049995,sparsa-sequence-pair-40m-20260911-long-step-2500-ema-average,single_seq,NVIDIA H100 80GB HBM3,79.1806640625,gb95a30,Linux-6.8.12-680-6063-coreweave-amd64-f81899c8-x86_64-with-glibc2.41,2.10.0+cu128,2026-09-11T18:00:18.976756+00:00
8ci9_A,foldbench_monomer,eval-val,312,46665,0.023610991425812244,sparsa-sequence-pair-40m-20260911-long-step-2500-ema-average,single_seq,NVIDIA H100 80GB HBM3,79.1806640625,gb95a30,Linux-6.8.12-680-6063-coreweave-amd64-f81899c8-x86_64-with-glibc2.41,2.10.0+cu128,2026-09-11T18:00:19.034539+00:00
8cih_A,foldbench_monomer,eval-val,214,17578,0.014977403916418552,sparsa-sequence-pair-40m-20260911-long-step-2500-ema-average,single_seq,NVIDIA H100 80GB HBM3,79.1806640625,gb95a30,Linux-6.8.12-680-6063-coreweave-amd64-f81899c8-x86_64-with-glibc2.41,2.10.0+cu128,2026-09-11T18:00:19.081806+00:00
8amo_A,foldbench_monomer,eval-val,399,73920,0.034838452003896236,sparsa-sequence-pair-40m-20260911-long-step-2500-ema-average,single_seq,NVIDIA H100 80GB HBM3,79.1806640625,gb95a30,Linux-6.8.12-680-6063-coreweave-amd64-f81899c8-x86_64-with-glibc2.41,2.10.0+cu128,2026-09-11T18:00:19.164241+00:00
8cpk_A,foldbench_monomer,eval-val,384,73536,0.03196156118065119,sparsa-sequence-pair-40m-20260911-long-step-2500-ema-average,single_seq,NVIDIA H100 80GB HBM3,79.1806640625,gb95a30,Linux-6.8.12-680-6063-coreweave-amd64-f81899c8-x86_64-with-glibc2.41,2.10.0+cu128,2026-09-11T18:00:19.263851+00:00
8cpn_A,foldbench_monomer,eval-val,207,12561,0.01448556687682867,sparsa-sequence-pair-40m-20260911-long-step-2500-ema-average,single_seq,NVIDIA H100 80GB HBM3,79.1806640625,gb95a30,Linux-6.8.12-680-6063-coreweave-amd64-f81899c8-x86_64-with-glibc2.41,2.10.0+cu128,2026-09-11T18:00:19.317942+00:00
8d2z_A,foldbench_monomer,eval-val,327,46665,0.025845050811767578,sparsa-sequence-pair-40m-20260911-long-step-2500-ema-average,single_seq,NVIDIA H100 80GB HBM3,79.1806640625,gb95a30,Linux-6.8.12-680-6063-coreweave-amd64-f81899c8-x86_64-with-glibc2.41,2.10.0+cu128,2026-09-11T18:00:19.377989+00:00
8daj_A,foldbench_monomer,eval-val,302,45451,0.02291369065642357,sparsa-sequence-pair-40m-20260911-long-step-2500-ema-average,single_seq,NVIDIA H100 80GB HBM3,79.1806640625,gb95a30,Linux-6.8.12-680-6063-coreweave-amd64-f81899c8-x86_64-with-glibc2.41,2.10.0+cu128,2026-09-11T18:00:19.446204+00:00
8dez_A,foldbench_monomer,eval-val,173,14878,0.01259990781545639,sparsa-sequence-pair-40m-20260911-long-step-2500-ema-average,single_seq,NVIDIA H100 80GB HBM3,79.1806640625,gb95a30,Linux-6.8.12-680-6063-coreweave-amd64-f81899c8-x86_64-with-glibc2.41,2.10.0+cu128,2026-09-11T18:00:19.485948+00:00
8dge_A,foldbench_monomer,eval-val,738,249571,0.10229380428791046,sparsa-sequence-pair-40m-20260911-long-step-2500-ema-average,single_seq,NVIDIA H100 80GB HBM3,79.1806640625,gb95a30,Linux-6.8.12-680-6063-coreweave-amd64-f81899c8-x86_64-with-glibc2.41,2.10.0+cu128,2026-09-11T18:00:19.720555+00:00
8dhj_A,foldbench_monomer,eval-val,249,27730,0.0183386392891407,sparsa-sequence-pair-40m-20260911-long-step-2500-ema-average,single_seq,NVIDIA H100 80GB HBM3,79.1806640625,gb95a30,Linux-6.8.12-680-6063-coreweave-amd64-f81899c8-x86_64-with-glibc2.41,2.10.0+cu128,2026-09-11T18:00:19.858058+00:00
8dmu_A,foldbench_monomer,eval-val,489,113050,0.04833681229501963,sparsa-sequence-pair-40m-20260911-long-step-2500-ema-average,single_seq,NVIDIA H100 80GB HBM3,79.1806640625,gb95a30,Linux-6.8.12-680-6063-coreweave-amd64-f81899c8-x86_64-with-glibc2.41,2.10.0+cu128,2026-09-11T18:00:19.976870+00:00
8dp9_A,foldbench_monomer,eval-val,148,8778,0.011394072324037552,sparsa-sequence-pair-40m-20260911-long-step-2500-ema-average,single_seq,NVIDIA H100 80GB HBM3,79.1806640625,gb95a30,Linux-6.8.12-680-6063-coreweave-amd64-f81899c8-x86_64-with-glibc2.41,2.10.0+cu128,2026-09-11T18:00:20.042643+00:00
8dqd_A,foldbench_monomer,eval-val,377,68265,0.0317621324211359,sparsa-sequence-pair-40m-20260911-long-step-2500-ema-average,single_seq,NVIDIA H100 80GB HBM3,79.1806640625,gb95a30,Linux-6.8.12-680-6063-coreweave-amd64-f81899c8-x86_64-with-glibc2.41,2.10.0+cu128,2026-09-11T18:00:20.115042+00:00
8dx0_A,foldbench_monomer,eval-val,154,9591,0.011658006347715855,sparsa-sequence-pair-40m-20260911-long-step-2500-ema-average,single_seq,NVIDIA H100 80GB HBM3,79.1806640625,gb95a30,Linux-6.8.12-680-6063-coreweave-amd64-f81899c8-x86_64-with-glibc2.41,2.10.0+cu128,2026-09-11T18:00:20.161360+00:00
8e0r_A,foldbench_monomer,eval-val,468,87153,0.04453286062926054,sparsa-sequence-pair-40m-20260911-long-step-2500-ema-average,single_seq,NVIDIA H100 80GB HBM3,79.1806640625,gb95a30,Linux-6.8.12-680-6063-coreweave-amd64-f81899c8-x86_64-with-glibc2.41,2.10.0+cu128,2026-09-11T18:00:20.255182+00:00
8e5h_A,foldbench_monomer,eval-val,372,67528,0.030890057794749737,sparsa-sequence-pair-40m-20260911-long-step-2500-ema-average,single_seq,NVIDIA H100 80GB HBM3,79.1806640625,gb95a30,Linux-6.8.12-680-6063-coreweave-amd64-f81899c8-x86_64-with-glibc2.41,2.10.0+cu128,2026-09-11T18:00:20.366096+00:00
8eb9_A,foldbench_monomer,eval-val,95,3916,0.010939130559563637,sparsa-sequence-pair-40m-20260911-long-step-2500-ema-average,single_seq,NVIDIA H100 80GB HBM3,79.1806640625,gb95a30,Linux-6.8.12-680-6063-coreweave-amd64-f81899c8-x86_64-with-glibc2.41,2.10.0+cu128,2026-09-11T18:00:20.408882+00:00
8ec3_A,foldbench_monomer,eval-val,168,11935,0.012075449340045452,sparsa-sequence-pair-40m-20260911-long-step-2500-ema-average,single_seq,NVIDIA H100 80GB HBM3,79.1806640625,gb95a30,Linux-6.8.12-680-6063-coreweave-amd64-f81899c8-x86_64-with-glibc2.41,2.10.0+cu128,2026-09-11T18:00:20.432013+00:00
8eo5_A,foldbench_monomer,eval-val,290,36315,0.02180637139827013,sparsa-sequence-pair-40m-20260911-long-step-2500-ema-average,single_seq,NVIDIA H100 80GB HBM3,79.1806640625,gb95a30,Linux-6.8.12-680-6063-coreweave-amd64-f81899c8-x86_64-with-glibc2.41,2.10.0+cu128,2026-09-11T18:00:20.480494+00:00
