dataset,stem,eval_set,range,n_rollouts,consensus_r_precision,validity_gated_oracle_r_precision,oracle_r_precision,mean_rollout_precision,mean_contacts
foldbench_monomer,7pv5_A,eval-val,all,100,0.765625,0.8125,0.8125,0.651875,65.45
foldbench_monomer,7pv5_A,eval-val,long,100,0.8048780487804879,0.8292682926829268,0.8292682926829268,0.6412195121951219,42.92
foldbench_monomer,7qp5_A,eval-val,all,100,0.5145228215767634,0.4315352697095436,0.4315352697095436,0.3214522821576763,263.13
foldbench_monomer,7qp5_A,eval-val,long,100,0.4787878787878787,0.406060606060606,0.406060606060606,0.2957575757575757,183.45
foldbench_monomer,7qsj_A,eval-val,all,100,0.7146974063400576,0.6195965417867435,0.6195965417867435,0.5210086455331413,360.69
foldbench_monomer,7qsj_A,eval-val,long,100,0.6991150442477876,0.5796460176991151,0.5796460176991151,0.493141592920354,239.45
foldbench_monomer,7t9r_A,eval-val,all,100,0.25,0.2916666666666667,0.2916666666666667,0.1004166666666666,30.55
foldbench_monomer,7t9r_A,eval-val,long,100,0.1428571428571428,0.4285714285714285,0.4285714285714285,0.0414285714285714,4.05
foldbench_monomer,7tjb_A,eval-val,all,100,0.7611940298507462,0.7064676616915423,0.7064676616915423,0.5879601990049751,214.75
foldbench_monomer,7tjb_A,eval-val,long,100,0.7313432835820896,0.6716417910447762,0.6716417910447762,0.5719402985074626,146.19
foldbench_monomer,7tlh_A,eval-val,all,100,0.4298245614035088,0.4649122807017544,0.4649122807017544,0.2678947368421053,111.61
foldbench_monomer,7tlh_A,eval-val,long,100,0.4415584415584415,0.4675324675324675,0.4675324675324675,0.2632467532467533,80.47
foldbench_monomer,7uba_A,eval-val,all,100,0.2596153846153846,0.2307692307692307,0.2307692307692307,0.1339423076923077,173.85
foldbench_monomer,7uba_A,eval-val,long,100,0.2627737226277372,0.2043795620437956,0.2043795620437956,0.0689051094890511,93.13
foldbench_monomer,7uk8_A,eval-val,all,100,0.5418250950570342,0.4866920152091255,0.4866920152091255,0.3907984790874523,499.98
foldbench_monomer,7uk8_A,eval-val,long,100,0.5452261306532663,0.4974874371859296,0.4974874371859296,0.3798492462311558,370.76
foldbench_monomer,7ur2_A,eval-val,all,100,0.5620437956204379,0.5401459854014599,0.5401459854014599,0.3487591240875912,142.61
foldbench_monomer,7ur2_A,eval-val,long,100,0.5892857142857143,0.5446428571428571,0.5446428571428571,0.3571428571428571,112.61
foldbench_monomer,7urp_A,eval-val,all,100,0.4029850746268656,0.4029850746268656,0.4029850746268656,0.2945522388059702,136.53
foldbench_monomer,7urp_A,eval-val,long,100,0.4489795918367347,0.4387755102040816,0.4387755102040816,0.3353061224489796,95.8
foldbench_monomer,7uvg_A,eval-val,all,100,0.3764044943820224,0.3370786516853932,0.3370786516853932,0.1662921348314606,169.4
foldbench_monomer,7uvg_A,eval-val,long,100,0.375,0.328125,0.328125,0.171640625,114.69
foldbench_monomer,7uww_A,eval-val,all,100,0.4227994227994228,0.3073593073593073,0.3073593073593073,0.2513708513708513,735.48
foldbench_monomer,7uww_A,eval-val,long,100,0.3818565400843882,0.2616033755274262,0.2616033755274262,0.2048945147679325,498.59
foldbench_monomer,7v3o_A,eval-val,all,100,0.4264705882352941,0.4338235294117647,0.4338235294117647,0.2567279411764706,299.4
foldbench_monomer,7v3o_A,eval-val,long,100,0.46524064171123,0.427807486631016,0.427807486631016,0.2539572192513369,227.52
foldbench_monomer,7w15_A,eval-val,all,100,0.6798679867986799,0.6138613861386139,0.6138613861386139,0.5225082508250825,308.93
foldbench_monomer,7w15_A,eval-val,long,100,0.6852791878172588,0.5989847715736041,0.5989847715736041,0.5176649746192894,206.16
foldbench_monomer,7wz5_A,eval-val,all,100,0.0442477876106194,0.1238938053097345,0.1238938053097345,0.0289380530973451,120.74
foldbench_monomer,7wz5_A,eval-val,long,100,0.087378640776699,0.1262135922330097,0.1262135922330097,0.0233009708737864,76.22
foldbench_monomer,7wzm_A,eval-val,all,100,0.7236842105263158,0.6798245614035088,0.6798245614035088,0.6260087719298244,445.25
foldbench_monomer,7wzm_A,eval-val,long,100,0.7194029850746269,0.6716417910447762,0.6716417910447762,0.6188656716417911,324.68
foldbench_monomer,7x3h_A,eval-val,all,100,0.6655405405405406,0.6047297297297297,0.6047297297297297,0.5242567567567566,301.07
foldbench_monomer,7x3h_A,eval-val,long,100,0.6581632653061225,0.5969387755102041,0.5969387755102041,0.5060714285714285,199.17
foldbench_monomer,7x4p_A,eval-val,all,100,0.5675675675675675,0.5285285285285285,0.5285285285285285,0.4009309309309309,342.29
foldbench_monomer,7x4p_A,eval-val,long,100,0.5435684647302904,0.5062240663900415,0.5062240663900415,0.3841908713692947,235.13
foldbench_monomer,7x8l_A,eval-val,all,100,0.6517241379310345,0.5517241379310345,0.5517241379310345,0.4763620689655172,591.53
foldbench_monomer,7x8l_A,eval-val,long,100,0.65,0.5363636363636364,0.5363636363636364,0.4767272727272726,448.83
foldbench_monomer,7xcd_A,eval-val,all,100,0.1824324324324324,0.1554054054054054,0.1554054054054054,0.0716891891891891,148.44
foldbench_monomer,7xcd_A,eval-val,long,100,0.145631067961165,0.1553398058252427,0.1553398058252427,0.0567961165048543,103.24
foldbench_monomer,7xg9_A,eval-val,all,100,0.4481327800829875,0.3651452282157676,0.3651452282157676,0.2465975103734439,269.56
foldbench_monomer,7xg9_A,eval-val,long,100,0.4129353233830846,0.3582089552238806,0.3582089552238806,0.2406467661691542,206.56
foldbench_monomer,7xi5_A,eval-val,all,100,0.7857142857142857,0.8333333333333334,0.8333333333333334,0.6997619047619048,42.21
foldbench_monomer,7xi5_A,eval-val,long,100,0.7391304347826086,0.8260869565217391,0.8260869565217391,0.638695652173913,21.56
foldbench_monomer,7xjr_A,eval-val,all,100,0.6214689265536724,0.5508474576271186,0.5508474576271186,0.4835875706214689,347.71
foldbench_monomer,7xjr_A,eval-val,long,100,0.6290909090909091,0.5818181818181818,0.5818181818181818,0.4911999999999999,268.54
foldbench_monomer,7xlz_A,eval-val,all,100,0.6754716981132075,0.6415094339622641,0.6415094339622641,0.5408301886792455,259.46
foldbench_monomer,7xlz_A,eval-val,long,100,0.6379310344827587,0.5977011494252874,0.5977011494252874,0.4964942528735632,171.22
foldbench_monomer,7xp9_A,eval-val,all,100,0.3333333333333333,0.3777777777777777,0.3777777777777777,0.1564444444444444,55.28
foldbench_monomer,7xp9_A,eval-val,long,100,0.2592592592592592,0.3703703703703703,0.3703703703703703,0.0996296296296296,33.78
foldbench_monomer,7xq4_A,eval-val,all,100,0.565677966101695,0.5296610169491526,0.5296610169491526,0.3844703389830509,495.45
foldbench_monomer,7xq4_A,eval-val,long,100,0.5253731343283582,0.4835820895522388,0.4835820895522388,0.3463582089552239,347.91
foldbench_monomer,7xrx_A,eval-val,all,100,0.5075757575757576,0.4494949494949495,0.4494949494949495,0.2504545454545455,401.04
foldbench_monomer,7xrx_A,eval-val,long,100,0.5264900662251656,0.4602649006622517,0.4602649006622517,0.2540066225165562,303.93
foldbench_monomer,7xyr_A,eval-val,all,100,0.6789250353606789,0.6096181046676096,0.6096181046676096,0.556958981612447,704.17
foldbench_monomer,7xyr_A,eval-val,long,100,0.6717267552182163,0.6072106261859582,0.6072106261859582,0.5458633776091082,521.43
foldbench_monomer,7xz3_A,eval-val,all,100,0.4272151898734177,0.3544303797468354,0.3544303797468354,0.2191455696202532,331.11
foldbench_monomer,7xz3_A,eval-val,long,100,0.4448818897637795,0.3622047244094488,0.3622047244094488,0.2106299212598424,235.6
foldbench_monomer,7y3h_A,eval-val,all,100,0.6506410256410257,0.6057692307692307,0.6057692307692307,0.5408012820512821,317.46
foldbench_monomer,7y3h_A,eval-val,long,100,0.6482412060301508,0.6030150753768844,0.6030150753768844,0.5080402010050251,218.31
foldbench_monomer,7y4h_A,eval-val,all,100,0.590625,0.5125,0.5125,0.4323124999999999,357.96
foldbench_monomer,7y4h_A,eval-val,long,100,0.6061946902654868,0.5221238938053098,0.5221238938053098,0.4485398230088496,261.21
foldbench_monomer,7y54_A,eval-val,all,100,0.819047619047619,0.7904761904761904,0.7904761904761904,0.6362857142857142,95.72
foldbench_monomer,7y54_A,eval-val,long,100,0.8448275862068966,0.8448275862068966,0.8448275862068966,0.658448275862069,55.24
foldbench_monomer,7y5j_A,eval-val,all,100,0.7802197802197802,0.7802197802197802,0.7802197802197802,0.6503296703296704,93.84
foldbench_monomer,7y5j_A,eval-val,long,100,0.72,0.78,0.78,0.6204,52.97
foldbench_monomer,7y5m_A,eval-val,all,100,0.5743243243243243,0.5405405405405406,0.5405405405405406,0.4408108108108108,119.41
foldbench_monomer,7y5m_A,eval-val,long,100,0.5981308411214953,0.5420560747663551,0.5420560747663551,0.4189719626168224,74.29
foldbench_monomer,7y5r_A,eval-val,all,100,0.8041237113402062,0.8041237113402062,0.8041237113402062,0.6945360824742266,93.27
foldbench_monomer,7y5r_A,eval-val,long,100,0.7333333333333333,0.7833333333333333,0.7833333333333333,0.6451666666666667,56.93
foldbench_monomer,7y8h_A,eval-val,all,100,0.7710843373493976,0.8072289156626506,0.8072289156626506,0.7050602409638553,82.57
foldbench_monomer,7y8h_A,eval-val,long,100,0.8163265306122449,0.8775510204081632,0.8775510204081632,0.7240816326530611,47.47
foldbench_monomer,7y8i_A,eval-val,all,100,0.8313253012048193,0.8313253012048193,0.8313253012048193,0.7531325301204816,85.47
foldbench_monomer,7y8i_A,eval-val,long,100,0.8297872340425532,0.851063829787234,0.851063829787234,0.7400000000000001,46.41
foldbench_monomer,7yd4_A,eval-val,all,100,0.204225352112676,0.1971830985915492,0.1971830985915492,0.0772535211267605,157.49
foldbench_monomer,7yd4_A,eval-val,long,100,0.2376237623762376,0.2277227722772277,0.2277227722772277,0.0733663366336633,107.18
foldbench_monomer,7yhr_A,eval-val,all,100,0.4146341463414634,0.4634146341463415,0.4634146341463415,0.2858536585365853,38.49
foldbench_monomer,7yhr_A,eval-val,long,100,0.2608695652173913,0.4347826086956521,0.4347826086956521,0.188695652173913,18.09
foldbench_monomer,7ykm_A,eval-val,all,100,0.7272727272727273,0.7636363636363637,0.7636363636363637,0.6187272727272727,66.84
foldbench_monomer,7ykm_A,eval-val,long,100,0.7647058823529411,0.8235294117647058,0.8235294117647058,0.628235294117647,40.16
foldbench_monomer,7ylr_A,eval-val,all,100,0.7335164835164835,0.6675824175824175,0.6675824175824175,0.6146978021978022,349.24
foldbench_monomer,7ylr_A,eval-val,long,100,0.7107438016528925,0.6239669421487604,0.6239669421487604,0.5748347107438017,221.27
foldbench_monomer,7yug_A,eval-val,all,100,0.3404255319148936,0.2446808510638297,0.2446808510638297,0.1141489361702127,71.62
foldbench_monomer,7yug_A,eval-val,long,100,0.24,0.3,0.3,0.0441999999999999,36.67
foldbench_monomer,7yyg_A,eval-val,all,100,0.2307692307692307,0.2352941176470588,0.2352941176470588,0.0730316742081448,234.55
foldbench_monomer,7yyg_A,eval-val,long,100,0.1785714285714285,0.1428571428571428,0.1428571428571428,0.0413571428571428,161.17
foldbench_monomer,7z65_A,eval-val,all,100,0.590625,0.584375,0.584375,0.4726875,310.7
foldbench_monomer,7z65_A,eval-val,long,100,0.6254826254826255,0.61003861003861,0.61003861003861,0.4923938223938225,244.26
foldbench_monomer,7znz_A,eval-val,all,100,0.5225321888412017,0.398068669527897,0.398068669527897,0.3287660944206008,1009.8
foldbench_monomer,7znz_A,eval-val,long,100,0.4962962962962963,0.3896296296296296,0.3896296296296296,0.3072444444444444,723.01
foldbench_monomer,7zoi_A,eval-val,all,100,0.7090909090909091,0.7,0.7,0.5216363636363637,127.27
foldbench_monomer,7zoi_A,eval-val,long,100,0.6923076923076923,0.6666666666666666,0.6666666666666666,0.4274358974358975,51.32
foldbench_monomer,7zs2_A,eval-val,all,100,0.726457399103139,0.6412556053811659,0.6412556053811659,0.5485650224215246,234.42
foldbench_monomer,7zs2_A,eval-val,long,100,0.6690647482014388,0.5971223021582733,0.5971223021582733,0.490431654676259,148.78
foldbench_monomer,7zu3_A,eval-val,all,100,0.4782608695652174,0.4673913043478261,0.4673913043478261,0.19,112.35
foldbench_monomer,7zu3_A,eval-val,long,100,0.4754098360655737,0.4590163934426229,0.4590163934426229,0.15,66.87
foldbench_monomer,7zv1_A,eval-val,all,100,0.5405405405405406,0.5765765765765766,0.5765765765765766,0.3670270270270271,93.01
foldbench_monomer,7zv1_A,eval-val,long,100,0.4864864864864865,0.5,0.5,0.2866216216216216,53.15
foldbench_monomer,8adc_A,eval-val,all,100,0.3294117647058823,0.2588235294117647,0.2588235294117647,0.1560588235294117,227.13
foldbench_monomer,8adc_A,eval-val,long,100,0.2761904761904762,0.238095238095238,0.238095238095238,0.1248571428571428,144.66
foldbench_monomer,8add_A,eval-val,all,100,0.1904761904761904,0.1904761904761904,0.1904761904761904,0.060095238095238,177.36
foldbench_monomer,8add_A,eval-val,long,100,0.0972222222222222,0.1527777777777778,0.1527777777777778,0.0231944444444444,109.94
foldbench_monomer,8ak2_A,eval-val,all,100,0.7229299363057324,0.6656050955414012,0.6656050955414012,0.6018789808917198,295.47
foldbench_monomer,8ak2_A,eval-val,long,100,0.6812227074235808,0.6026200873362445,0.6026200873362445,0.5470742358078602,198.33
foldbench_monomer,8akh_A,eval-val,all,100,0.6355140186915887,0.6105919003115264,0.6105919003115264,0.5078816199376948,351.08
foldbench_monomer,8akh_A,eval-val,long,100,0.6506550218340611,0.6069868995633187,0.6069868995633187,0.5127074235807859,259.01
foldbench_monomer,8amo_A,eval-val,all,100,0.6878453038674033,0.6132596685082873,0.6132596685082873,0.5449999999999999,379.6
foldbench_monomer,8amo_A,eval-val,long,100,0.6640926640926641,0.6061776061776062,0.6061776061776062,0.5285328185328185,269.24
foldbench_monomer,8arl_A,eval-val,all,100,0.05,0.1,0.1,0.0256538461538461,261.39
foldbench_monomer,8arl_A,eval-val,long,100,0.0229357798165137,0.073394495412844,0.073394495412844,0.0112385321100917,149.93
foldbench_monomer,8au6_A,eval-val,all,100,0.6071428571428571,0.5892857142857143,0.5892857142857143,0.4463095238095237,192.72
foldbench_monomer,8au6_A,eval-val,long,100,0.5847457627118644,0.5677966101694916,0.5677966101694916,0.4257627118644068,144.29
foldbench_monomer,8axj_A,eval-val,all,100,0.7832167832167832,0.7692307692307693,0.7692307692307693,0.6912587412587412,134.08
foldbench_monomer,8axj_A,eval-val,long,100,0.6984126984126984,0.6825396825396826,0.6825396825396826,0.5755555555555554,53.71
foldbench_monomer,8azb_A,eval-val,all,100,0.7632027257240205,0.7018739352640545,0.7018739352640545,0.6601192504258944,622.52
foldbench_monomer,8azb_A,eval-val,long,100,0.7642679900744417,0.6972704714640199,0.6972704714640199,0.6401736972704716,437.53
foldbench_monomer,8b2e_A,eval-val,all,100,0.4846153846153846,0.4461538461538462,0.4461538461538462,0.1665384615384616,110.49
foldbench_monomer,8b2e_A,eval-val,long,100,0.5466666666666666,0.48,0.48,0.1098666666666666,58.68
foldbench_monomer,8b2g_A,eval-val,all,100,0.6610169491525424,0.6440677966101694,0.6440677966101694,0.4740677966101694,61.26
foldbench_monomer,8b2g_A,eval-val,long,100,0.5454545454545454,0.5909090909090909,0.5909090909090909,0.3477272727272727,26.69
foldbench_monomer,8b2s_A,eval-val,all,100,0.6827956989247311,0.6451612903225806,0.6451612903225806,0.5078494623655914,188.59
foldbench_monomer,8b2s_A,eval-val,long,100,0.6759259259259259,0.6481481481481481,0.6481481481481481,0.4958333333333333,106.23
foldbench_monomer,8b4u_A,eval-val,all,100,0.8278388278388278,0.7728937728937729,0.7728937728937729,0.7229670329670331,272.36
foldbench_monomer,8b4u_A,eval-val,long,100,0.8080808080808081,0.7575757575757576,0.7575757575757576,0.7019191919191923,195.21
foldbench_monomer,8b5w_A,eval-val,all,100,0.2027027027027027,0.127027027027027,0.127027027027027,0.0591891891891891,366.8
foldbench_monomer,8b5w_A,eval-val,long,100,0.1660649819494584,0.1227436823104693,0.1227436823104693,0.0480866425992779,265.09
foldbench_monomer,8b61_A,eval-val,all,100,0.490566037735849,0.410377358490566,0.410377358490566,0.3084905660377358,232.29
foldbench_monomer,8b61_A,eval-val,long,100,0.4961240310077519,0.4031007751937984,0.4031007751937984,0.27984496124031,143.73
foldbench_monomer,8b6a_A,eval-val,all,100,0.6512820512820513,0.5641025641025641,0.5641025641025641,0.4683589743589744,187.71
foldbench_monomer,8b6a_A,eval-val,long,100,0.6186440677966102,0.5338983050847458,0.5338983050847458,0.4200847457627118,111.25
foldbench_monomer,8b6e_A,eval-val,all,100,0.8181818181818182,0.8181818181818182,0.8181818181818182,0.6761363636363638,38.99
foldbench_monomer,8b6e_A,eval-val,long,100,0.7894736842105263,0.8947368421052632,0.8947368421052632,0.6926315789473686,16.7
foldbench_monomer,8baq_A,eval-val,all,100,0.4789473684210526,0.4578947368421052,0.4578947368421052,0.3255789473684211,202.45
foldbench_monomer,8baq_A,eval-val,long,100,0.5328467153284672,0.4890510948905109,0.4890510948905109,0.3681751824817518,146.48
foldbench_monomer,8bau_A,eval-val,all,100,0.6985645933014354,0.6172248803827751,0.6172248803827751,0.5092344497607655,212.25
foldbench_monomer,8bau_A,eval-val,long,100,0.75177304964539,0.6453900709219859,0.6453900709219859,0.5350354609929078,142.35
foldbench_monomer,8bfy_A,eval-val,all,100,0.6406685236768802,0.5710306406685237,0.5710306406685237,0.5122005571030641,383.23
foldbench_monomer,8bfy_A,eval-val,long,100,0.650375939849624,0.5939849624060151,0.5939849624060151,0.5245488721804512,274.66
foldbench_monomer,8bgb_A,eval-val,all,100,0.8316831683168316,0.7920792079207921,0.7920792079207921,0.6704950495049503,106.6
foldbench_monomer,8bgb_A,eval-val,long,100,0.8103448275862069,0.7758620689655172,0.7758620689655172,0.6370689655172415,58.5
foldbench_monomer,8bke_A,eval-val,all,100,0.5951417004048583,0.5303643724696356,0.5303643724696356,0.4103643724696356,529.78
foldbench_monomer,8bke_A,eval-val,long,100,0.6170212765957447,0.5319148936170213,0.5319148936170213,0.3973252279635258,402.43
foldbench_monomer,8bsb_A,eval-val,all,100,0.6434782608695652,0.6956521739130435,0.6956521739130435,0.2769565217391304,117.51
foldbench_monomer,8bsb_A,eval-val,long,100,0.6595744680851063,0.6914893617021277,0.6914893617021277,0.2663829787234043,89.52
foldbench_monomer,8bux_A,eval-val,all,100,0.0791666666666666,0.0916666666666666,0.0916666666666666,0.0354583333333333,203.05
foldbench_monomer,8bux_A,eval-val,long,100,0.0621468926553672,0.0621468926553672,0.0621468926553672,0.0178531073446327,136.33
foldbench_monomer,8c4d_A,eval-val,all,100,0.6681222707423581,0.6069868995633187,0.6069868995633187,0.5004803493449781,212.91
foldbench_monomer,8c4d_A,eval-val,long,100,0.6685714285714286,0.6171428571428571,0.6171428571428571,0.4959428571428572,154.65
foldbench_monomer,8c4y_A,eval-val,all,100,0.7131367292225201,0.6809651474530831,0.6809651474530831,0.5914745308310992,362.08
foldbench_monomer,8c4y_A,eval-val,long,100,0.7431506849315068,0.7054794520547946,0.7054794520547946,0.5943150684931507,271.92
foldbench_monomer,8cba_A,eval-val,all,100,0.2285714285714285,0.3306122448979592,0.3306122448979592,0.0726530612244897,196.81
foldbench_monomer,8cba_A,eval-val,long,100,0.2156862745098039,0.326797385620915,0.326797385620915,0.0495424836601307,121.77
foldbench_monomer,8ci9_A,eval-val,all,100,0.6350148367952523,0.5548961424332344,0.5548961424332344,0.4037091988130563,341.36
foldbench_monomer,8ci9_A,eval-val,long,100,0.6536964980544747,0.5914396887159533,0.5914396887159533,0.4220622568093385,261.57
foldbench_monomer,8cih_A,eval-val,all,100,0.3227848101265823,0.2974683544303797,0.2974683544303797,0.0912025316455696,138.17
foldbench_monomer,8cih_A,eval-val,long,100,0.3206106870229007,0.3206106870229007,0.3206106870229007,0.0861832061068702,102.02
foldbench_monomer,8cpk_A,eval-val,all,100,0.71671388101983,0.6940509915014165,0.6940509915014165,0.5975637393767705,373.35
foldbench_monomer,8cpk_A,eval-val,long,100,0.72265625,0.6953125,0.6953125,0.6109765625,254.67
foldbench_monomer,8cpn_A,eval-val,all,100,0.6369047619047619,0.5952380952380952,0.5952380952380952,0.2564880952380952,152.27
foldbench_monomer,8cpn_A,eval-val,long,100,0.6363636363636364,0.5818181818181818,0.5818181818181818,0.2050909090909091,102.64
foldbench_monomer,8d2z_A,eval-val,all,100,0.6987179487179487,0.6314102564102564,0.6314102564102564,0.5544871794871795,312.14
foldbench_monomer,8d2z_A,eval-val,long,100,0.6966824644549763,0.6255924170616114,0.6255924170616114,0.53781990521327,209.78
foldbench_monomer,8daj_A,eval-val,all,100,0.6822742474916388,0.6053511705685619,0.6053511705685619,0.5494983277591974,307.45
foldbench_monomer,8daj_A,eval-val,long,100,0.6883720930232559,0.6186046511627907,0.6186046511627907,0.5622790697674419,209.32
foldbench_monomer,8dez_A,eval-val,all,100,0.4835164835164835,0.4615384615384615,0.4615384615384615,0.1912637362637362,151.1
foldbench_monomer,8dez_A,eval-val,long,100,0.4468085106382978,0.4680851063829787,0.4680851063829787,0.167304964539007,101.75
foldbench_monomer,8dge_A,eval-val,all,100,0.574398249452954,0.4737417943107221,0.4737417943107221,0.4107877461706783,950.93
foldbench_monomer,8dge_A,eval-val,long,100,0.5882352941176471,0.4829721362229102,0.4829721362229102,0.416733746130031,659.45
foldbench_monomer,8dhj_A,eval-val,all,100,0.7865168539325843,0.7415730337078652,0.7415730337078652,0.6677528089887642,275.06
foldbench_monomer,8dhj_A,eval-val,long,100,0.8,0.745,0.745,0.6687000000000001,204.62
foldbench_monomer,8dmu_A,eval-val,all,100,0.1558669001751313,0.0805604203152364,0.0840630472854641,0.0433800350262697,543.79
foldbench_monomer,8dmu_A,eval-val,long,100,0.1028708133971291,0.0717703349282296,0.0717703349282296,0.0284928229665071,394.35
foldbench_monomer,8dp9_A,eval-val,all,100,0.7397260273972602,0.7465753424657534,0.7465753424657534,0.6520547945205479,142.24
foldbench_monomer,8dp9_A,eval-val,long,100,0.7207207207207207,0.7207207207207207,0.7207207207207207,0.6172972972972973,102.7
foldbench_monomer,8dqd_A,eval-val,all,100,0.739240506329114,0.7088607594936709,0.7088607594936709,0.6458734177215191,393.77
foldbench_monomer,8dqd_A,eval-val,long,100,0.75,0.6956521739130435,0.6956521739130435,0.6377536231884058,281.65
foldbench_monomer,8dx0_A,eval-val,all,100,0.7703703703703704,0.7777777777777778,0.7777777777777778,0.7155555555555556,133.33
foldbench_monomer,8dx0_A,eval-val,long,100,0.8064516129032258,0.8172043010752689,0.8172043010752689,0.7286021505376344,90.75
foldbench_monomer,8e0r_A,eval-val,all,100,0.1995967741935483,0.1612903225806451,0.1612903225806451,0.0494556451612903,507.05
foldbench_monomer,8e0r_A,eval-val,long,100,0.1176470588235294,0.1176470588235294,0.1176470588235294,0.023219814241486,347.78
foldbench_monomer,8e5h_A,eval-val,all,100,0.625,0.5552325581395349,0.5552325581395349,0.472296511627907,354.82
foldbench_monomer,8e5h_A,eval-val,long,100,0.6270491803278688,0.5450819672131147,0.5450819672131147,0.4727459016393443,249.71
foldbench_monomer,8eb9_A,eval-val,all,100,0.1549295774647887,0.4647887323943662,0.4647887323943662,0.0580281690140845,50.15
foldbench_monomer,8eb9_A,eval-val,long,100,0.1666666666666666,0.5277777777777778,0.5277777777777778,0.0380555555555555,24.92
foldbench_monomer,8ec3_A,eval-val,all,100,0.3492063492063492,0.3968253968253968,0.3968253968253968,0.1312698412698412,109.76
foldbench_monomer,8ec3_A,eval-val,long,100,0.3826086956521739,0.417391304347826,0.417391304347826,0.1408695652173913,93.94
foldbench_monomer,8eo5_A,eval-val,all,100,0.7984189723320159,0.766798418972332,0.766798418972332,0.7216205533596839,258.74
foldbench_monomer,8eo5_A,eval-val,long,100,0.7784431137724551,0.7664670658682635,0.7664670658682635,0.7088023952095807,169.48
foldbench_monomer,8gmy_A,eval-val,all,100,0.3346456692913386,0.3149606299212598,0.3149606299212598,0.2556692913385827,211.65
foldbench_monomer,8gmy_A,eval-val,long,100,0.2916666666666667,0.2738095238095238,0.2738095238095238,0.2196428571428571,137.7
foldbench_monomer,8q8i_A,eval-val,all,100,0.5345744680851063,0.4468085106382978,0.4468085106382978,0.3826595744680851,343.27
foldbench_monomer,8q8i_A,eval-val,long,100,0.5,0.4173228346456692,0.4173228346456692,0.3452362204724409,220.34
foldbench_monomer,8ycm_A,eval-val,all,100,0.4744897959183674,0.4336734693877551,0.4336734693877551,0.2080612244897959,190.14
foldbench_monomer,8ycm_A,eval-val,long,100,0.390625,0.328125,0.328125,0.14078125,109.68
