campaign,model,step,step_thousands,proteins,rollouts,rollout_seed,oracle_r_precision,bootstrap_95_low,bootstrap_95_high,long_oracle_r_precision,mean_rollout_r_precision,consensus_r_precision,summary_file
v1,G1 v1,5000,5.0,97,100,20260925,0.16133096801678332,0.1413280182249573,0.18460568003686614,0.1769322022084043,0.06741968206454295,0.14093477251699055,reports/diffusion_v1/early/g1_step5000_summary.json
v1,G1 v1,25000,25.0,97,100,20260925,0.22490861831961922,0.19579817498721303,0.256595069020976,0.2382106066478613,0.11253004991409397,0.1941322510386632,reports/diffusion_v1/final/g1_step25000_seed20260925_summary.json
v1,G1-L2 v1,5000,5.0,97,100,20260925,0.15925374355993616,0.13801753643888773,0.18390000153015157,0.1827111812155414,0.06816568967871918,0.14295374261824922,reports/diffusion_v1/early/g1_l2_step5000_summary.json
v1,G1-L2 v1,25000,25.0,97,100,20260925,0.22521927973572986,0.1960081587564441,0.2571390256211075,0.23748748737738565,0.1134705621888503,0.20022805842870273,reports/diffusion_v1/final/g1_l2_step25000_seed20260925_summary.json
v1,G1-U2 v1,5000,5.0,97,100,20260925,0.1583272503974302,0.13544553589442077,0.1861678192397418,0.17873966183280088,0.06637720338060772,0.13671676111989975,reports/diffusion_v1/early/g1_u2_step5000_summary.json
v1,G1-U2 v1,25000,25.0,97,100,20260925,0.22510310791679372,0.1968525908642819,0.255603103382605,0.22827149064047716,0.10997404146302248,0.1990041001322867,reports/diffusion_v1/final/g1_u2_step25000_seed20260925_summary.json
v2,G1-long,35000,35.0,97,100,20260925,0.24538565792456213,0.21760499448542792,0.2750618984643136,0.257664057867906,0.13976473013713248,0.23283432873521945,reports/diffusion_v2/milestones/g1-long-step35000-seed20260925-summary.json
v2,G1-long,115000,115.0,97,100,20260925,0.28995086712704393,0.25819976996447686,0.32335445284312075,0.3075772047748574,0.18076317282401158,0.28109594908304986,reports/diffusion_v2/milestones/g1-long-step115000-seed20260925-summary.json
v2,G1-long,140000,140.0,97,100,20260925,0.30189562757186683,0.2671802707920972,0.3381647167332213,0.3179898081563952,0.18558242322826746,0.2877659427860802,reports/diffusion_v2/milestones/g1-long-step140000-seed20260925-summary.json
v2,G1-long,150000,150.0,97,100,20260925,0.2989715816046584,0.265686807889641,0.3340152832419199,0.3130216942726954,0.18654958245686717,0.28857979000563644,reports/diffusion_v2/milestones/g1-long-step150000-seed20260925-summary.json
v2,G1-long,160000,160.0,97,100,20260925,0.2989485083239391,0.266875708143762,0.3324171061377961,0.31253010473551396,0.18909521537722518,0.29027610676572996,reports/diffusion_v2/milestones/g1-long-step160000-seed20260925-summary.json
v2,G1-long,170000,170.0,97,100,20260925,0.3039713362342617,0.27104708662005417,0.33847467331208136,0.32166290553800536,0.19102998093658685,0.2955184304125764,reports/diffusion_v2/milestones/g1-long-step170000-seed20260925-summary.json
v2,G1-long,180000,180.0,97,100,20260925,0.3045093196290448,0.27105661778336954,0.33992964346540117,0.31469682083863104,0.19165696388989417,0.2930652210837824,reports/diffusion_v2/milestones/g1-long-step180000-seed20260925-summary.json
v2,G1-long,190000,190.0,97,100,20260925,0.3021473129483538,0.2689968407628699,0.3368578166605262,0.31987812175067765,0.19337177236831452,0.29752873518304457,reports/diffusion_v2/milestones/g1-long-step190000-seed20260925-summary.json
v2,G1-long,200000,200.0,97,100,20260925,0.29972975546756975,0.26713233391471436,0.3334752622325218,0.3173663854291639,0.19384754825628078,0.29811744840526144,reports/diffusion_v2/milestones/g1-long-step200000-seed20260925-summary.json
v2,G1-long,210000,210.0,97,100,20260925,0.30559537604779424,0.27208620978157955,0.3405151474110817,0.3230028169398453,0.19674017418376952,0.29967290024958726,reports/diffusion_v2/milestones/g1-long-step210000-seed20260925-summary.json
v2,G1-long,220000,220.0,97,100,20260925,0.3067402620062909,0.27391299227355137,0.3411482993018256,0.3218079066491409,0.1970998936368053,0.301181743521278,reports/diffusion_v2/milestones/g1-long-step220000-seed20260925-summary.json
v2,G1-long,230000,230.0,97,100,20260925,0.3072934282817001,0.2740265583859534,0.34227107542776974,0.3224415681751456,0.20063172257230752,0.30840837991819414,reports/diffusion_v2/milestones/g1-long-step230000-seed20260925-summary.json
v2,G1-long,240000,240.0,97,100,20260925,0.3116013381306176,0.27816161786102483,0.3463531630260786,0.3210754437743834,0.20198145969087264,0.30819343826148504,reports/diffusion_v2/milestones/g1-long-step240000-seed20260925-summary.json
v2,G1-long,250000,250.0,97,100,20260925,0.31255742058166275,0.278720955716341,0.348100714680725,0.3258242108908925,0.2048012605478745,0.309072616211626,reports/diffusion_v2/milestones/g1-long-step250000-seed20260925-summary.json
v2,G1-long,260000,260.0,97,100,20260925,0.31687440105780046,0.28240605040297423,0.3529115043224465,0.3352522407115594,0.2062844109927024,0.3119283832427382,reports/diffusion_v2/milestones/g1-long-step260000-seed20260925-summary.json
v2,G1-long,270000,270.0,97,100,20260925,0.31497371148525527,0.2802047333100652,0.3510664251956622,0.3296621927446657,0.20646033988057638,0.3113972242900049,reports/diffusion_v2/milestones/g1-long-step270000-seed20260925-summary.json
v2,G1-long,280000,280.0,97,100,20260925,0.3130574505134859,0.27821261483416154,0.349358147506244,0.3269831272023119,0.20582589228697845,0.31132923683182423,reports/diffusion_v2/milestones/g1-long-step280000-seed20260925-summary.json
v2,G1-long,290000,290.0,97,100,20260925,0.3188504135675011,0.28396640058587885,0.3552038982749774,0.3354397976860085,0.20907127688796173,0.31549760154644557,reports/diffusion_v2/milestones/g1-long-step290000-seed20260925-summary.json
v2,G1-long,300000,300.0,97,100,20260925,0.3215510547116395,0.28633187816196504,0.35778405690730863,0.332541292032947,0.2105459469226922,0.31419792207169545,reports/diffusion_v2/milestones/g1-long-step300000-seed20260925-summary.json
v2,G2-wide,25000,25.0,97,100,20260925,0.2558710378999826,0.2276343958170108,0.28619691486532445,0.2722885594113663,0.14536346564749808,0.236418535487595,reports/diffusion_v2/milestones/g2-wide-step25000-seed20260925-summary.json
v2,G2-wide,125000,125.0,97,100,20260925,0.3422943683216166,0.30748667431588156,0.37877784056834035,0.36592390110220074,0.2279660486193518,0.3314176636640992,reports/diffusion_v2/milestones/g2-wide-step125000-seed20260925-summary.json
v2,G2-wide,180000,180.0,97,100,20260925,0.35789258017312975,0.3224359616396913,0.3945844807212159,0.37766610879823054,0.24445954171842912,0.34987592246788224,reports/diffusion_v2/milestones/g2-wide-step180000-seed20260925-summary.json
v2,G2-wide,190000,190.0,97,100,20260925,0.36097237175675506,0.32609472127279665,0.39690094677860754,0.3719296553685309,0.24609661177926143,0.3530086653446487,reports/diffusion_v2/milestones/g2-wide-step190000-seed20260925-summary.json
v2,G2-wide,200000,200.0,97,100,20260925,0.36592533272227834,0.32958095728348935,0.4032687345238587,0.3893947893103243,0.24843071460906155,0.35151790701074387,reports/diffusion_v2/milestones/g2-wide-step200000-seed20260925-summary.json
v2,G2-wide,210000,210.0,97,100,20260925,0.3685848744396345,0.33259595365690436,0.40545584009263963,0.3921487842584286,0.2521051713078585,0.3571096462040886,reports/diffusion_v2/milestones/g2-wide-step210000-seed20260925-summary.json
v2,G2-wide,220000,220.0,97,100,20260925,0.3699078206872627,0.3342319148655161,0.40645984501202964,0.39308549509348684,0.2548548243950276,0.36306607662635415,reports/diffusion_v2/milestones/g2-wide-step220000-seed20260925-summary.json
v2,G2-wide,230000,230.0,97,100,20260925,0.3740243600459505,0.33804062258879886,0.4113820058853882,0.40190714660258936,0.255679793303177,0.36407588624541226,reports/diffusion_v2/milestones/g2-wide-step230000-seed20260925-summary.json
v2,G2-wide,240000,240.0,97,100,20260925,0.3670948318296016,0.3310256204236572,0.4041809579514154,0.40264412704026137,0.2562046125481299,0.3634777543717564,reports/diffusion_v2/milestones/g2-wide-step240000-seed20260925-summary.json
v2,G2-wide,250000,250.0,97,100,20260925,0.36782392470785646,0.3317935227023533,0.4050356043850159,0.389955141081769,0.2593839562299762,0.36824238396755204,reports/diffusion_v2/milestones/g2-wide-step250000-seed20260925-summary.json
v2,G2-wide,260000,260.0,97,100,20260925,0.3777870331509887,0.3410155561381795,0.4157370544235788,0.40080476473573157,0.2623527174707738,0.36917194574550677,reports/diffusion_v2/milestones/g2-wide-step260000-seed20260925-summary.json
v2,G2-wide-SC,35000,35.0,97,100,20260925,0.34988013476303836,0.32026540110541873,0.38090161386213217,0.38575951417841825,0.21938201275676075,0.26026472548609,reports/diffusion_v2/milestones/g2-wide-sc2-step35000-seed20260925-summary.json
v2,G2-wide-SC,90000,90.0,97,100,20260925,0.414254360365176,0.38028840485782844,0.44989051510281336,0.45232376763182736,0.2721020193802078,0.3100708403055881,reports/diffusion_v2/milestones/g2-wide-sc2-step90000-seed20260925-summary.json
v2,G2-wide-SC,100000,100.0,97,100,20260925,0.41118403503808476,0.37873426827902074,0.4452299111721105,0.4591573999673609,0.27675821075274076,0.3184144610515499,reports/diffusion_v2/milestones/g2-wide-sc2-step100000-seed20260925-summary.json
v2,G2-wide-SC,110000,110.0,97,100,20260925,0.4065183399627466,0.37471554324593315,0.43966122967068616,0.4479626537351762,0.2801630236553099,0.3194334232639298,reports/diffusion_v2/milestones/g2-wide-sc2-step110000-seed20260925-summary.json
v2,G2-wide-SC,120000,120.0,97,100,20260925,0.4156506690432284,0.3844426663587857,0.4481187691810557,0.4469548647541622,0.2864185832982895,0.32587211023455004,reports/diffusion_v2/milestones/g2-wide-sc2-step120000-seed20260925-summary.json
v2,G2-wide-SC,130000,130.0,97,100,20260925,0.4098702476708107,0.3768997518521048,0.4437130884758736,0.4591865994372129,0.28682634171525895,0.3282198437456155,reports/diffusion_v2/milestones/g2-wide-sc2-step130000-seed20260925-summary.json
v2,G2-wide-SC,140000,140.0,97,100,20260925,0.4193803658969942,0.38595880151407735,0.45354961515793024,0.4359605157956251,0.29272325626754575,0.3336506792986752,reports/diffusion_v2/milestones/g2-wide-sc2-step140000-seed20260925-summary.json
v2,G2-wide-SC,150000,150.0,97,100,20260925,0.4170967401153467,0.384971409328023,0.4500201483229243,0.4522491394037776,0.29446344339493746,0.3400778367414733,reports/diffusion_v2/milestones/g2-wide-sc2-step150000-seed20260925-summary.json
v3,G2-RSC,10000,10.0,97,100,20260925,0.25945597855483704,0.23848294007409168,0.2808631166612905,0.32194832527870015,0.17252899412326056,0.16028396896204752,reports/diffusion_v3/milestones/g2-rsc-step10000-seed20260925-summary.json
v3,G2-RSC,20000,20.0,97,100,20260925,0.37720435333034685,0.35181735341158893,0.40304902641449475,0.4373135820677828,0.2565225400947173,0.21171534474672699,reports/diffusion_v3/milestones/g2-rsc-step20000-seed20260925-summary.json
v3,G2-RSC,30000,30.0,97,100,20260925,0.4469654530717468,0.41732159610052033,0.4773031170938299,0.5189980349868137,0.2988412092985811,0.23188529409073888,reports/diffusion_v3/milestones/g2-rsc-step30000-seed20260925-summary.json
v3,G3-balanced-RSC,10000,10.0,97,100,20260925,0.303081198153666,0.28078938363852385,0.3265242916315846,0.3684440449168408,0.19545039924676155,0.17726458044680485,reports/diffusion_v3/milestones/g3-balanced-rsc-step10000-seed20260925-summary.json
v3,G3-balanced-RSC,20000,20.0,97,100,20260925,0.4041270966977251,0.3741130454708668,0.43525845035251265,0.4256232674190533,0.27856613042569317,0.22751721155454796,reports/diffusion_v3/milestones/g3-balanced-rsc-step20000-seed20260925-summary.json
