dataset,stem,eval_set,metric_version,L,n_rollouts,oracle_r_precision,oracle_long_r_precision,mean_r_precision,mean_long_r_precision,sampled_oracle_r_precision,sampled_oracle_long_r_precision,sampled_mean_r_precision,sampled_mean_long_r_precision,consensus_r_precision,consensus_long_r_precision,probability_ensemble_r_precision,probability_ensemble_long_r_precision,oracle_rollout,mean_contacts,unique_maps,mean_pairwise_jaccard,n_true,n_true_long,oracle_curve,sampled_oracle_curve,inference_seconds
foldbench_monomer,7pv5_A,eval-val,fixed-r-v2,81,100,0.46875,0.3902439024390244,0.4375,0.34292682926829265,0.390625,0.36585365853658536,0.32421875,0.2673170731707317,0.4375,0.36585365853658536,0.453125,0.34146341463414637,2,53.28,100,0.47264990892589487,64,41,"{'1': 0.40625, '2': 0.453125, '4': 0.46875, '8': 0.46875, '16': 0.46875, '32': 0.46875, '64': 0.46875, '100': 0.46875}","{'1': 0.28125, '2': 0.28125, '4': 0.296875, '8': 0.390625, '16': 0.390625, '32': 0.390625, '64': 0.390625, '100': 0.390625}",1.440490109845996
foldbench_monomer,7qp5_A,eval-val,fixed-r-v2,245,100,0.16597510373443983,0.07272727272727272,0.15435684647302902,0.04836363636363636,0.04564315352697095,0.006060606060606061,0.022904564315352694,0.0007272727272727272,0.12448132780082988,0.01818181818181818,0.14937759336099585,0.048484848484848485,85,15.96,100,0.13290732675515277,241,165,"{'1': 0.14937759336099585, '2': 0.15767634854771784, '4': 0.15767634854771784, '8': 0.15767634854771784, '16': 0.15767634854771784, '32': 0.16182572614107885, '64': 0.16182572614107885, '100': 0.16597510373443983}","{'1': 0.016597510373443983, '2': 0.02074688796680498, '4': 0.024896265560165973, '8': 0.029045643153526972, '16': 0.029045643153526972, '32': 0.04564315352697095, '64': 0.04564315352697095, '100': 0.04564315352697095}",6.029909074306488
foldbench_monomer,7qsj_A,eval-val,fixed-r-v2,373,100,0.30835734870317005,0.2831858407079646,0.29561959654178677,0.2711946902654867,0.11527377521613832,0.11504424778761062,0.0910951008645533,0.08039823008849557,0.2881844380403458,0.26991150442477874,0.2968299711815562,0.2743362831858407,2,92.19,100,0.1748957936474073,347,226,"{'1': 0.2910662824207493, '2': 0.2968299711815562, '4': 0.30835734870317005, '8': 0.30835734870317005, '16': 0.30835734870317005, '32': 0.30835734870317005, '64': 0.30835734870317005, '100': 0.30835734870317005}","{'1': 0.08069164265129683, '2': 0.09798270893371758, '4': 0.10662824207492795, '8': 0.10662824207492795, '16': 0.10662824207492795, '32': 0.10951008645533142, '64': 0.10951008645533142, '100': 0.11527377521613832}",15.22552815824747
foldbench_monomer,7t9r_A,eval-val,fixed-r-v2,38,100,0.16666666666666666,0.0,0.14375,0.0,0.20833333333333334,0.0,0.14416666666666667,0.0,0.125,0.0,0.125,0.0,2,26.58,100,0.5648829272221989,24,7,"{'1': 0.125, '2': 0.125, '4': 0.16666666666666666, '8': 0.16666666666666666, '16': 0.16666666666666666, '32': 0.16666666666666666, '64': 0.16666666666666666, '100': 0.16666666666666666}","{'1': 0.16666666666666666, '2': 0.16666666666666666, '4': 0.16666666666666666, '8': 0.16666666666666666, '16': 0.20833333333333334, '32': 0.20833333333333334, '64': 0.20833333333333334, '100': 0.20833333333333334}",1.379594948142767
foldbench_monomer,7tjb_A,eval-val,fixed-r-v2,227,100,0.5323383084577115,0.5373134328358209,0.46562189054726383,0.45074626865671646,0.2835820895522388,0.3208955223880597,0.2173134328358209,0.2344029850746268,0.4577114427860697,0.44776119402985076,0.46766169154228854,0.44776119402985076,64,94.98,100,0.26282811760405456,201,134,"{'1': 0.4577114427860697, '2': 0.46766169154228854, '4': 0.46766169154228854, '8': 0.46766169154228854, '16': 0.48258706467661694, '32': 0.48258706467661694, '64': 0.5074626865671642, '100': 0.5323383084577115}","{'1': 0.24875621890547264, '2': 0.24875621890547264, '4': 0.24875621890547264, '8': 0.25870646766169153, '16': 0.25870646766169153, '32': 0.2736318407960199, '64': 0.2736318407960199, '100': 0.2835820895522388}",5.237332828342915
foldbench_monomer,7tlh_A,eval-val,fixed-r-v2,136,100,0.07894736842105263,0.07792207792207792,0.05535087719298244,0.0312987012987013,0.017543859649122806,0.0,0.0032456140350877196,0.0,0.043859649122807015,0.012987012987012988,0.05263157894736842,0.025974025974025976,65,4.85,99,0.10454343285305383,114,77,"{'1': 0.05263157894736842, '2': 0.05263157894736842, '4': 0.06140350877192982, '8': 0.07017543859649122, '16': 0.07017543859649122, '32': 0.07017543859649122, '64': 0.07017543859649122, '100': 0.07894736842105263}","{'1': 0.0, '2': 0.0, '4': 0.0, '8': 0.008771929824561403, '16': 0.008771929824561403, '32': 0.008771929824561403, '64': 0.017543859649122806, '100': 0.017543859649122806}",2.0699047902598977
foldbench_monomer,7uba_A,eval-val,fixed-r-v2,213,100,0.25,0.19708029197080293,0.23572115384615386,0.17978102189781023,0.1201923076923077,0.072992700729927,0.08663461538461537,0.04766423357664232,0.22596153846153846,0.1678832116788321,0.23076923076923078,0.1897810218978102,29,46.94,100,0.2211148672332527,208,137,"{'1': 0.2403846153846154, '2': 0.2403846153846154, '4': 0.2403846153846154, '8': 0.2403846153846154, '16': 0.2403846153846154, '32': 0.25, '64': 0.25, '100': 0.25}","{'1': 0.08173076923076923, '2': 0.09615384615384616, '4': 0.10096153846153846, '8': 0.10096153846153846, '16': 0.10096153846153846, '32': 0.10576923076923077, '64': 0.11538461538461539, '100': 0.1201923076923077}",4.679126570932567
foldbench_monomer,7uk8_A,eval-val,fixed-r-v2,394,100,0.155893536121673,0.08542713567839195,0.15053231939163497,0.07758793969849247,0.051330798479087454,0.03015075376884422,0.037680608365019005,0.016658291457286433,0.1444866920152091,0.08040201005025126,0.1520912547528517,0.07788944723618091,4,100.51,100,0.2064535870057395,526,398,"{'1': 0.1520912547528517, '2': 0.1520912547528517, '4': 0.1520912547528517, '8': 0.155893536121673, '16': 0.155893536121673, '32': 0.155893536121673, '64': 0.155893536121673, '100': 0.155893536121673}","{'1': 0.026615969581749048, '2': 0.03802281368821293, '4': 0.03802281368821293, '8': 0.045627376425855515, '16': 0.045627376425855515, '32': 0.04752851711026616, '64': 0.051330798479087454, '100': 0.051330798479087454}",17.88581187929958
foldbench_monomer,7ur2_A,eval-val,fixed-r-v2,195,100,0.22627737226277372,0.22321428571428573,0.19489051094890517,0.1955357142857143,0.10948905109489052,0.08928571428571429,0.06262773722627739,0.04991071428571428,0.19708029197080293,0.1875,0.19708029197080293,0.20535714285714285,57,39.44,100,0.19377993958945497,137,112,"{'1': 0.1897810218978102, '2': 0.20437956204379562, '4': 0.20437956204379562, '8': 0.20437956204379562, '16': 0.20437956204379562, '32': 0.2116788321167883, '64': 0.22627737226277372, '100': 0.22627737226277372}","{'1': 0.051094890510948905, '2': 0.058394160583941604, '4': 0.072992700729927, '8': 0.08029197080291971, '16': 0.08029197080291971, '32': 0.08759124087591241, '64': 0.10948905109489052, '100': 0.10948905109489052}",3.5745617682114244
foldbench_monomer,7urp_A,eval-val,fixed-r-v2,160,100,0.31343283582089554,0.336734693877551,0.2947761194029851,0.315,0.208955223880597,0.24489795918367346,0.1346268656716418,0.1573469387755102,0.291044776119403,0.30612244897959184,0.291044776119403,0.30612244897959184,53,53.43,100,0.23407596966994834,134,98,"{'1': 0.2835820895522388, '2': 0.291044776119403, '4': 0.30597014925373134, '8': 0.30597014925373134, '16': 0.30597014925373134, '32': 0.30597014925373134, '64': 0.31343283582089554, '100': 0.31343283582089554}","{'1': 0.11194029850746269, '2': 0.11194029850746269, '4': 0.1791044776119403, '8': 0.1791044776119403, '16': 0.208955223880597, '32': 0.208955223880597, '64': 0.208955223880597, '100': 0.208955223880597}",2.225603518076241
foldbench_monomer,7uvg_A,eval-val,fixed-r-v2,183,100,0.17415730337078653,0.1875,0.15904494382022472,0.167578125,0.09550561797752809,0.1015625,0.0501685393258427,0.055859375,0.17415730337078653,0.1875,0.16292134831460675,0.171875,14,60.42,100,0.22198761134888284,178,128,"{'1': 0.16292134831460675, '2': 0.16292134831460675, '4': 0.16853932584269662, '8': 0.16853932584269662, '16': 0.17415730337078653, '32': 0.17415730337078653, '64': 0.17415730337078653, '100': 0.17415730337078653}","{'1': 0.05056179775280899, '2': 0.05056179775280899, '4': 0.05056179775280899, '8': 0.09550561797752809, '16': 0.09550561797752809, '32': 0.09550561797752809, '64': 0.09550561797752809, '100': 0.09550561797752809}",3.0849419655278325
foldbench_monomer,7uww_A,eval-val,fixed-r-v2,635,100,0.15295815295815296,0.07172995780590717,0.1438672438672439,0.06369198312236288,0.06493506493506493,0.027426160337552744,0.047720057720057725,0.017468354430379744,0.14862914862914864,0.07172995780590717,0.14862914862914864,0.07172995780590717,94,212.37,100,0.11419008772174966,693,474,"{'1': 0.1414141414141414, '2': 0.1471861471861472, '4': 0.1471861471861472, '8': 0.1471861471861472, '16': 0.14862914862914864, '32': 0.15007215007215008, '64': 0.15151515151515152, '100': 0.15295815295815296}","{'1': 0.04329004329004329, '2': 0.04329004329004329, '4': 0.05194805194805195, '8': 0.06349206349206349, '16': 0.06349206349206349, '32': 0.06349206349206349, '64': 0.06349206349206349, '100': 0.06493506493506493}",59.3273124396801
foldbench_monomer,7v3o_A,eval-val,fixed-r-v2,328,100,0.11029411764705882,0.0748663101604278,0.10169117647058826,0.047486631016042766,0.051470588235294115,0.016042780748663103,0.03330882352941177,0.0006417112299465242,0.09558823529411764,0.03208556149732621,0.10294117647058823,0.0481283422459893,61,37.99,100,0.16111966382916076,272,187,"{'1': 0.09926470588235294, '2': 0.10294117647058823, '4': 0.10294117647058823, '8': 0.10661764705882353, '16': 0.10661764705882353, '32': 0.10661764705882353, '64': 0.11029411764705882, '100': 0.11029411764705882}","{'1': 0.04044117647058824, '2': 0.04044117647058824, '4': 0.04044117647058824, '8': 0.04044117647058824, '16': 0.04411764705882353, '32': 0.04779411764705882, '64': 0.051470588235294115, '100': 0.051470588235294115}",9.576904859393835
foldbench_monomer,7w15_A,eval-val,fixed-r-v2,302,100,0.22442244224422442,0.1319796954314721,0.21036303630363032,0.12248730964467004,0.11221122112211221,0.07106598984771574,0.0833993399339934,0.03934010152284264,0.21782178217821782,0.116751269035533,0.21122112211221122,0.12690355329949238,10,91.56,100,0.2262789675521636,303,197,"{'1': 0.2079207920792079, '2': 0.2079207920792079, '4': 0.2079207920792079, '8': 0.2145214521452145, '16': 0.22442244224422442, '32': 0.22442244224422442, '64': 0.22442244224422442, '100': 0.22442244224422442}","{'1': 0.07260726072607261, '2': 0.10561056105610561, '4': 0.10561056105610561, '8': 0.10561056105610561, '16': 0.10561056105610561, '32': 0.10561056105610561, '64': 0.10561056105610561, '100': 0.11221122112211221}",9.04886318743229
foldbench_monomer,7wz5_A,eval-val,fixed-r-v2,161,100,0.035398230088495575,0.038834951456310676,0.026106194690265476,0.020582524271844656,0.02654867256637168,0.009708737864077669,0.007168141592920354,0.00019417475728155338,0.02654867256637168,0.019417475728155338,0.02654867256637168,0.019417475728155338,16,8.79,100,0.17350866293922176,113,103,"{'1': 0.017699115044247787, '2': 0.02654867256637168, '4': 0.02654867256637168, '8': 0.02654867256637168, '16': 0.02654867256637168, '32': 0.035398230088495575, '64': 0.035398230088495575, '100': 0.035398230088495575}","{'1': 0.008849557522123894, '2': 0.008849557522123894, '4': 0.008849557522123894, '8': 0.008849557522123894, '16': 0.008849557522123894, '32': 0.008849557522123894, '64': 0.02654867256637168, '100': 0.02654867256637168}",2.451118793338537
foldbench_monomer,7wzm_A,eval-val,fixed-r-v2,492,100,0.1206140350877193,0.04477611940298507,0.11087719298245613,0.03531343283582089,0.039473684210526314,0.020895522388059702,0.022456140350877195,0.008626865671641792,0.1074561403508772,0.03283582089552239,0.10526315789473684,0.03283582089552239,54,76.25,100,0.10980860371616495,456,335,"{'1': 0.10964912280701754, '2': 0.1118421052631579, '4': 0.1162280701754386, '8': 0.1162280701754386, '16': 0.11842105263157894, '32': 0.11842105263157894, '64': 0.1206140350877193, '100': 0.1206140350877193}","{'1': 0.017543859649122806, '2': 0.017543859649122806, '4': 0.021929824561403508, '8': 0.03508771929824561, '16': 0.039473684210526314, '32': 0.039473684210526314, '64': 0.039473684210526314, '100': 0.039473684210526314}",29.819201707839966
foldbench_monomer,7x3h_A,eval-val,fixed-r-v2,290,100,0.2635135135135135,0.21428571428571427,0.25138513513513516,0.19576530612244894,0.1554054054054054,0.11734693877551021,0.1222972972972973,0.0821938775510204,0.2533783783783784,0.19387755102040816,0.2533783783783784,0.19387755102040816,38,123.58,100,0.2348036208446454,296,196,"{'1': 0.25675675675675674, '2': 0.26013513513513514, '4': 0.26013513513513514, '8': 0.26013513513513514, '16': 0.26013513513513514, '32': 0.26013513513513514, '64': 0.2635135135135135, '100': 0.2635135135135135}","{'1': 0.11148648648648649, '2': 0.11148648648648649, '4': 0.14527027027027026, '8': 0.14527027027027026, '16': 0.1554054054054054, '32': 0.1554054054054054, '64': 0.1554054054054054, '100': 0.1554054054054054}",8.380865487270057
foldbench_monomer,7x4p_A,eval-val,fixed-r-v2,307,100,0.2222222222222222,0.14937759336099585,0.21300300300300304,0.13983402489626554,0.09309309309309309,0.06639004149377593,0.06981981981981983,0.04203319502074688,0.2132132132132132,0.13278008298755187,0.2132132132132132,0.13692946058091288,70,71.28,100,0.21138517451995834,333,241,"{'1': 0.21021021021021022, '2': 0.21021021021021022, '4': 0.21021021021021022, '8': 0.21621621621621623, '16': 0.21621621621621623, '32': 0.21621621621621623, '64': 0.21921921921921922, '100': 0.2222222222222222}","{'1': 0.057057057057057055, '2': 0.06906906906906907, '4': 0.07807807807807808, '8': 0.08708708708708708, '16': 0.08708708708708708, '32': 0.09309309309309309, '64': 0.09309309309309309, '100': 0.09309309309309309}",9.449312734417617
foldbench_monomer,7x8l_A,eval-val,fixed-r-v2,514,100,0.19310344827586207,0.15227272727272728,0.1820344827586207,0.1413409090909091,0.07241379310344828,0.06136363636363636,0.05491379310344828,0.04322727272727273,0.1706896551724138,0.13863636363636364,0.18448275862068966,0.1431818181818182,42,128.52,100,0.1572596975010016,580,440,"{'1': 0.1810344827586207, '2': 0.18275862068965518, '4': 0.18275862068965518, '8': 0.18275862068965518, '16': 0.18620689655172415, '32': 0.1896551724137931, '64': 0.19310344827586207, '100': 0.19310344827586207}","{'1': 0.056896551724137934, '2': 0.056896551724137934, '4': 0.056896551724137934, '8': 0.056896551724137934, '16': 0.06896551724137931, '32': 0.07241379310344828, '64': 0.07241379310344828, '100': 0.07241379310344828}",34.45259766932577
foldbench_monomer,7xcd_A,eval-val,fixed-r-v2,178,100,0.1891891891891892,0.14563106796116504,0.16966216216216218,0.10320388349514563,0.05405405405405406,0.038834951456310676,0.026148648648648645,0.005145631067961165,0.1891891891891892,0.06796116504854369,0.17567567567567569,0.0970873786407767,46,18.24,100,0.1485051488774827,148,103,"{'1': 0.17567567567567569, '2': 0.18243243243243243, '4': 0.18243243243243243, '8': 0.18243243243243243, '16': 0.18243243243243243, '32': 0.18243243243243243, '64': 0.1891891891891892, '100': 0.1891891891891892}","{'1': 0.033783783783783786, '2': 0.033783783783783786, '4': 0.033783783783783786, '8': 0.033783783783783786, '16': 0.04054054054054054, '32': 0.05405405405405406, '64': 0.05405405405405406, '100': 0.05405405405405406}",2.898601423949003
foldbench_monomer,7xg9_A,eval-val,fixed-r-v2,288,100,0.3900414937759336,0.373134328358209,0.37331950207468884,0.35965174129353245,0.21991701244813278,0.208955223880597,0.17912863070539417,0.1659203980099502,0.37344398340248963,0.3582089552238806,0.37344398340248963,0.36318407960199006,9,112.68,100,0.23777812081277244,241,201,"{'1': 0.3817427385892116, '2': 0.3817427385892116, '4': 0.3817427385892116, '8': 0.3817427385892116, '16': 0.3900414937759336, '32': 0.3900414937759336, '64': 0.3900414937759336, '100': 0.3900414937759336}","{'1': 0.15767634854771784, '2': 0.1908713692946058, '4': 0.1908713692946058, '8': 0.1908713692946058, '16': 0.2074688796680498, '32': 0.2074688796680498, '64': 0.21161825726141079, '100': 0.21991701244813278}",7.137721890583634
foldbench_monomer,7xi5_A,eval-val,fixed-r-v2,65,100,0.7619047619047619,0.6956521739130435,0.7311904761904762,0.6678260869565219,0.7857142857142857,0.6956521739130435,0.6240476190476191,0.5391304347826088,0.7380952380952381,0.6956521739130435,0.7380952380952381,0.6956521739130435,14,42.85,100,0.5546945677709649,42,23,"{'1': 0.7380952380952381, '2': 0.7380952380952381, '4': 0.7380952380952381, '8': 0.7380952380952381, '16': 0.7619047619047619, '32': 0.7619047619047619, '64': 0.7619047619047619, '100': 0.7619047619047619}","{'1': 0.5, '2': 0.5476190476190477, '4': 0.6428571428571429, '8': 0.7142857142857143, '16': 0.7857142857142857, '32': 0.7857142857142857, '64': 0.7857142857142857, '100': 0.7857142857142857}",1.177284935489297
foldbench_monomer,7xjr_A,eval-val,fixed-r-v2,337,100,0.2768361581920904,0.2872727272727273,0.25658192090395476,0.26796363636363635,0.12146892655367232,0.13818181818181818,0.09694915254237285,0.10450909090909093,0.2570621468926554,0.2690909090909091,0.2627118644067797,0.27636363636363637,53,122.42,100,0.18812132546272994,354,275,"{'1': 0.2457627118644068, '2': 0.2740112994350282, '4': 0.2740112994350282, '8': 0.2740112994350282, '16': 0.2740112994350282, '32': 0.2740112994350282, '64': 0.2768361581920904, '100': 0.2768361581920904}","{'1': 0.1016949152542373, '2': 0.1016949152542373, '4': 0.11581920903954802, '8': 0.11581920903954802, '16': 0.11581920903954802, '32': 0.12146892655367232, '64': 0.12146892655367232, '100': 0.12146892655367232}",11.89350600913167
foldbench_monomer,7xlz_A,eval-val,fixed-r-v2,266,100,0.2037735849056604,0.1781609195402299,0.18664150943396227,0.15925287356321838,0.07924528301886792,0.07471264367816093,0.0500377358490566,0.044885057471264374,0.19622641509433963,0.15517241379310345,0.19245283018867926,0.16666666666666666,82,39.4,100,0.23574577482732656,265,174,"{'1': 0.18490566037735848, '2': 0.19622641509433963, '4': 0.19622641509433963, '8': 0.19622641509433963, '16': 0.19622641509433963, '32': 0.2, '64': 0.2, '100': 0.2037735849056604}","{'1': 0.06792452830188679, '2': 0.06792452830188679, '4': 0.07169811320754717, '8': 0.07169811320754717, '16': 0.07169811320754717, '32': 0.07169811320754717, '64': 0.07169811320754717, '100': 0.07924528301886792}",6.89055544603616
foldbench_monomer,7xp9_A,eval-val,fixed-r-v2,84,100,0.3111111111111111,0.2222222222222222,0.2382222222222222,0.15074074074074073,0.2222222222222222,0.14814814814814814,0.1413333333333333,0.06222222222222222,0.24444444444444444,0.14814814814814814,0.24444444444444444,0.14814814814814814,75,24.67,100,0.2522267788493184,45,27,"{'1': 0.24444444444444444, '2': 0.24444444444444444, '4': 0.24444444444444444, '8': 0.26666666666666666, '16': 0.26666666666666666, '32': 0.26666666666666666, '64': 0.28888888888888886, '100': 0.3111111111111111}","{'1': 0.13333333333333333, '2': 0.13333333333333333, '4': 0.17777777777777778, '8': 0.2, '16': 0.2, '32': 0.2, '64': 0.2222222222222222, '100': 0.2222222222222222}",1.0300533398985863
foldbench_monomer,7xq4_A,eval-val,fixed-r-v2,514,100,0.1419491525423729,0.1044776119402985,0.13086864406779664,0.08328358208955222,0.05508474576271186,0.029850746268656716,0.0375,0.016955223880597014,0.13983050847457626,0.08656716417910448,0.13347457627118645,0.08656716417910448,48,134.28,100,0.10123268036359984,472,335,"{'1': 0.1271186440677966, '2': 0.13559322033898305, '4': 0.13559322033898305, '8': 0.13559322033898305, '16': 0.13983050847457626, '32': 0.13983050847457626, '64': 0.1419491525423729, '100': 0.1419491525423729}","{'1': 0.038135593220338986, '2': 0.038135593220338986, '4': 0.04449152542372881, '8': 0.048728813559322036, '16': 0.05508474576271186, '32': 0.05508474576271186, '64': 0.05508474576271186, '100': 0.05508474576271186}",34.35368260834366
foldbench_monomer,7xrx_A,eval-val,fixed-r-v2,398,100,0.15404040404040403,0.12582781456953643,0.1447727272727273,0.11135761589403974,0.06313131313131314,0.039735099337748346,0.038358585858585856,0.02185430463576159,0.15404040404040403,0.10264900662251655,0.14646464646464646,0.11258278145695365,73,54.79,100,0.17639069405485838,396,302,"{'1': 0.14393939393939395, '2': 0.14393939393939395, '4': 0.14646464646464646, '8': 0.14898989898989898, '16': 0.14898989898989898, '32': 0.15151515151515152, '64': 0.15151515151515152, '100': 0.15404040404040403}","{'1': 0.045454545454545456, '2': 0.045454545454545456, '4': 0.045454545454545456, '8': 0.045454545454545456, '16': 0.047979797979797977, '32': 0.05555555555555555, '64': 0.06313131313131314, '100': 0.06313131313131314}",17.93365127686411
foldbench_monomer,7xyr_A,eval-val,fixed-r-v2,591,100,0.25035360678925034,0.19165085388994307,0.24110325318246115,0.18094876660341558,0.10891089108910891,0.07969639468690702,0.09328147100424328,0.062068311195445924,0.24893917963224893,0.17836812144212524,0.24328147100424327,0.18216318785578747,5,233.55,100,0.15984436872291283,707,527,"{'1': 0.24045261669024046, '2': 0.24611032531824611, '4': 0.24611032531824611, '8': 0.25035360678925034, '16': 0.25035360678925034, '32': 0.25035360678925034, '64': 0.25035360678925034, '100': 0.25035360678925034}","{'1': 0.0876944837340877, '2': 0.10325318246110325, '4': 0.10325318246110325, '8': 0.10325318246110325, '16': 0.10466760961810467, '32': 0.10466760961810467, '64': 0.1074964639321075, '100': 0.10891089108910891}",49.999064712785184
foldbench_monomer,7xz3_A,eval-val,fixed-r-v2,325,100,0.13291139240506328,0.0984251968503937,0.12224683544303798,0.07602362204724408,0.03481012658227848,0.011811023622047244,0.019367088607594937,0.002401574803149606,0.11708860759493671,0.03937007874015748,0.12658227848101267,0.07874015748031496,10,38.83,100,0.1583628938024241,316,254,"{'1': 0.12341772151898735, '2': 0.12341772151898735, '4': 0.12658227848101267, '8': 0.12974683544303797, '16': 0.13291139240506328, '32': 0.13291139240506328, '64': 0.13291139240506328, '100': 0.13291139240506328}","{'1': 0.0189873417721519, '2': 0.0189873417721519, '4': 0.0189873417721519, '8': 0.03164556962025317, '16': 0.03164556962025317, '32': 0.03481012658227848, '64': 0.03481012658227848, '100': 0.03481012658227848}",10.890895338729024
foldbench_monomer,7y3h_A,eval-val,fixed-r-v2,413,100,0.3717948717948718,0.2914572864321608,0.35955128205128206,0.2783417085427135,0.1987179487179487,0.16080402010050251,0.1625,0.1138693467336683,0.3525641025641026,0.2613065326633166,0.358974358974359,0.27638190954773867,24,124.44,100,0.23199845115916376,312,199,"{'1': 0.3557692307692308, '2': 0.3557692307692308, '4': 0.358974358974359, '8': 0.36217948717948717, '16': 0.36538461538461536, '32': 0.3717948717948718, '64': 0.3717948717948718, '100': 0.3717948717948718}","{'1': 0.1762820512820513, '2': 0.1762820512820513, '4': 0.1762820512820513, '8': 0.1762820512820513, '16': 0.1955128205128205, '32': 0.1955128205128205, '64': 0.1955128205128205, '100': 0.1987179487179487}",19.54540177155286
foldbench_monomer,7y4h_A,eval-val,fixed-r-v2,338,100,0.390625,0.4247787610619469,0.37378124999999995,0.3953982300884956,0.2125,0.23893805309734514,0.17053125000000002,0.18898230088495577,0.371875,0.40707964601769914,0.375,0.4026548672566372,32,131.81,100,0.23897233522098033,320,226,"{'1': 0.3625, '2': 0.375, '4': 0.38125, '8': 0.384375, '16': 0.384375, '32': 0.384375, '64': 0.390625, '100': 0.390625}","{'1': 0.1625, '2': 0.1625, '4': 0.1875, '8': 0.1875, '16': 0.1875, '32': 0.2, '64': 0.2125, '100': 0.2125}",11.977900269441307
foldbench_monomer,7y54_A,eval-val,fixed-r-v2,100,100,0.45714285714285713,0.603448275862069,0.3966666666666667,0.4908620689655173,0.3523809523809524,0.46551724137931033,0.2667619047619047,0.3432758620689655,0.4,0.4827586206896552,0.3904761904761905,0.4827586206896552,9,64.71,100,0.4115015212855154,105,58,"{'1': 0.4, '2': 0.4, '4': 0.4380952380952381, '8': 0.4380952380952381, '16': 0.45714285714285713, '32': 0.45714285714285713, '64': 0.45714285714285713, '100': 0.45714285714285713}","{'1': 0.26666666666666666, '2': 0.26666666666666666, '4': 0.29523809523809524, '8': 0.29523809523809524, '16': 0.3523809523809524, '32': 0.3523809523809524, '64': 0.3523809523809524, '100': 0.3523809523809524}",1.1313194036483765
foldbench_monomer,7y5j_A,eval-val,fixed-r-v2,102,100,0.4175824175824176,0.48,0.39868131868131873,0.45220000000000016,0.37362637362637363,0.46,0.2892307692307692,0.3698,0.4175824175824176,0.46,0.4065934065934066,0.46,9,66.93,100,0.4514515636519222,91,50,"{'1': 0.4065934065934066, '2': 0.4065934065934066, '4': 0.4065934065934066, '8': 0.4065934065934066, '16': 0.4175824175824176, '32': 0.4175824175824176, '64': 0.4175824175824176, '100': 0.4175824175824176}","{'1': 0.25274725274725274, '2': 0.2967032967032967, '4': 0.3076923076923077, '8': 0.34065934065934067, '16': 0.3516483516483517, '32': 0.3516483516483517, '64': 0.37362637362637363, '100': 0.37362637362637363}",1.1577500775456429
foldbench_monomer,7y5m_A,eval-val,fixed-r-v2,170,100,0.20945945945945946,0.16822429906542055,0.17060810810810814,0.14299065420560747,0.0472972972972973,0.018691588785046728,0.019864864864864867,0.0014018691588785046,0.1554054054054054,0.102803738317757,0.18243243243243243,0.14018691588785046,34,11.79,100,0.09505342482285965,148,107,"{'1': 0.18243243243243243, '2': 0.18243243243243243, '4': 0.18243243243243243, '8': 0.19594594594594594, '16': 0.20270270270270271, '32': 0.20270270270270271, '64': 0.20945945945945946, '100': 0.20945945945945946}","{'1': 0.02027027027027027, '2': 0.02027027027027027, '4': 0.033783783783783786, '8': 0.033783783783783786, '16': 0.033783783783783786, '32': 0.033783783783783786, '64': 0.0472972972972973, '100': 0.0472972972972973}",2.620701122097671
foldbench_monomer,7y5r_A,eval-val,fixed-r-v2,105,100,0.6391752577319587,0.55,0.6072164948453608,0.5091666666666667,0.4742268041237113,0.38333333333333336,0.3868041237113402,0.2876666666666667,0.5876288659793815,0.48333333333333334,0.5979381443298969,0.5,58,60.09,100,0.382571502472751,97,60,"{'1': 0.5979381443298969, '2': 0.6082474226804123, '4': 0.6288659793814433, '8': 0.6288659793814433, '16': 0.6288659793814433, '32': 0.6288659793814433, '64': 0.6391752577319587, '100': 0.6391752577319587}","{'1': 0.4020618556701031, '2': 0.4020618556701031, '4': 0.4020618556701031, '8': 0.4329896907216495, '16': 0.44329896907216493, '32': 0.4536082474226804, '64': 0.4742268041237113, '100': 0.4742268041237113}",1.2519892370328307
foldbench_monomer,7y8h_A,eval-val,fixed-r-v2,100,100,0.5421686746987951,0.5714285714285714,0.515421686746988,0.5287755102040816,0.4457831325301205,0.4897959183673469,0.3753012048192771,0.35999999999999993,0.5060240963855421,0.5306122448979592,0.5060240963855421,0.5306122448979592,5,64.99,100,0.41558819004067227,83,49,"{'1': 0.5060240963855421, '2': 0.5301204819277109, '4': 0.5301204819277109, '8': 0.5421686746987951, '16': 0.5421686746987951, '32': 0.5421686746987951, '64': 0.5421686746987951, '100': 0.5421686746987951}","{'1': 0.3614457831325301, '2': 0.3855421686746988, '4': 0.40963855421686746, '8': 0.40963855421686746, '16': 0.40963855421686746, '32': 0.43373493975903615, '64': 0.43373493975903615, '100': 0.4457831325301205}",1.1995519567281008
foldbench_monomer,7y8i_A,eval-val,fixed-r-v2,97,100,0.7590361445783133,0.7446808510638298,0.726144578313253,0.7129787234042556,0.6144578313253012,0.5957446808510638,0.5248192771084338,0.4651063829787234,0.7590361445783133,0.7021276595744681,0.7469879518072289,0.723404255319149,55,65.69,100,0.44638129676557214,83,47,"{'1': 0.7349397590361446, '2': 0.7469879518072289, '4': 0.7469879518072289, '8': 0.7469879518072289, '16': 0.7469879518072289, '32': 0.7469879518072289, '64': 0.7590361445783133, '100': 0.7590361445783133}","{'1': 0.5301204819277109, '2': 0.5903614457831325, '4': 0.5903614457831325, '8': 0.5903614457831325, '16': 0.6024096385542169, '32': 0.6024096385542169, '64': 0.6144578313253012, '100': 0.6144578313253012}",1.1931513538584113
foldbench_monomer,7yd4_A,eval-val,fixed-r-v2,185,100,0.11971830985915492,0.1782178217821782,0.09316901408450703,0.12683168316831683,0.028169014084507043,0.019801980198019802,0.01056338028169014,0.0037623762376237622,0.07042253521126761,0.06930693069306931,0.08450704225352113,0.1485148514851485,83,11.73,100,0.09198434849989204,142,101,"{'1': 0.09859154929577464, '2': 0.09859154929577464, '4': 0.09859154929577464, '8': 0.09859154929577464, '16': 0.1056338028169014, '32': 0.1056338028169014, '64': 0.11267605633802817, '100': 0.11971830985915492}","{'1': 0.007042253521126761, '2': 0.007042253521126761, '4': 0.014084507042253521, '8': 0.02112676056338028, '16': 0.028169014084507043, '32': 0.028169014084507043, '64': 0.028169014084507043, '100': 0.028169014084507043}",3.1105794310569763
foldbench_monomer,7yhr_A,eval-val,fixed-r-v2,60,100,0.5121951219512195,0.5217391304347826,0.46317073170731704,0.4791304347826088,0.3902439024390244,0.30434782608695654,0.2826829268292683,0.18130434782608698,0.4634146341463415,0.4782608695652174,0.4878048780487805,0.5217391304347826,6,25.05,100,0.37349331473221253,41,23,"{'1': 0.43902439024390244, '2': 0.4634146341463415, '4': 0.4878048780487805, '8': 0.5121951219512195, '16': 0.5121951219512195, '32': 0.5121951219512195, '64': 0.5121951219512195, '100': 0.5121951219512195}","{'1': 0.24390243902439024, '2': 0.34146341463414637, '4': 0.34146341463414637, '8': 0.34146341463414637, '16': 0.34146341463414637, '32': 0.34146341463414637, '64': 0.36585365853658536, '100': 0.3902439024390244}",1.1624351097270846
foldbench_monomer,7ykm_A,eval-val,fixed-r-v2,105,100,0.41818181818181815,0.35294117647058826,0.3752727272727273,0.3064705882352941,0.2909090909090909,0.23529411764705882,0.17381818181818182,0.1291176470588235,0.36363636363636365,0.3235294117647059,0.38181818181818183,0.29411764705882354,83,23.55,100,0.2303198616616546,55,34,"{'1': 0.36363636363636365, '2': 0.36363636363636365, '4': 0.4, '8': 0.4, '16': 0.4, '32': 0.4, '64': 0.4, '100': 0.41818181818181815}","{'1': 0.18181818181818182, '2': 0.18181818181818182, '4': 0.2, '8': 0.2, '16': 0.2, '32': 0.23636363636363636, '64': 0.2909090909090909, '100': 0.2909090909090909}",1.1715597538277507
foldbench_monomer,7ylr_A,eval-val,fixed-r-v2,330,100,0.37637362637362637,0.34710743801652894,0.36379120879120885,0.3234710743801653,0.1978021978021978,0.17355371900826447,0.15749999999999997,0.1299173553719008,0.3626373626373626,0.3305785123966942,0.3626373626373626,0.32644628099173556,7,146.88,100,0.25624441867012515,364,242,"{'1': 0.3708791208791209, '2': 0.3708791208791209, '4': 0.3708791208791209, '8': 0.37637362637362637, '16': 0.37637362637362637, '32': 0.37637362637362637, '64': 0.37637362637362637, '100': 0.37637362637362637}","{'1': 0.1510989010989011, '2': 0.1620879120879121, '4': 0.1620879120879121, '8': 0.1978021978021978, '16': 0.1978021978021978, '32': 0.1978021978021978, '64': 0.1978021978021978, '100': 0.1978021978021978}",11.342805945314467
foldbench_monomer,7yug_A,eval-val,fixed-r-v2,118,100,0.3829787234042553,0.28,0.3438297872340427,0.2604000000000001,0.20212765957446807,0.2,0.12670212765957448,0.11280000000000001,0.3617021276595745,0.24,0.3404255319148936,0.26,29,20.19,100,0.22235348982331357,94,50,"{'1': 0.32978723404255317, '2': 0.32978723404255317, '4': 0.3617021276595745, '8': 0.3617021276595745, '16': 0.3617021276595745, '32': 0.3829787234042553, '64': 0.3829787234042553, '100': 0.3829787234042553}","{'1': 0.10638297872340426, '2': 0.10638297872340426, '4': 0.11702127659574468, '8': 0.14893617021276595, '16': 0.14893617021276595, '32': 0.1702127659574468, '64': 0.20212765957446807, '100': 0.20212765957446807}",1.388120754621923
foldbench_monomer,7yyg_A,eval-val,fixed-r-v2,365,100,0.26244343891402716,0.2,0.24719457013574658,0.15642857142857144,0.11312217194570136,0.07142857142857142,0.07515837104072398,0.04028571428571428,0.2398190045248869,0.15,0.25339366515837103,0.15714285714285714,97,47.95,100,0.18868580194997453,221,140,"{'1': 0.23529411764705882, '2': 0.24434389140271492, '4': 0.248868778280543, '8': 0.248868778280543, '16': 0.2579185520361991, '32': 0.2579185520361991, '64': 0.2579185520361991, '100': 0.26244343891402716}","{'1': 0.058823529411764705, '2': 0.07692307692307693, '4': 0.07692307692307693, '8': 0.07692307692307693, '16': 0.09049773755656108, '32': 0.11312217194570136, '64': 0.11312217194570136, '100': 0.11312217194570136}",13.970092207193375
foldbench_monomer,7z65_A,eval-val,fixed-r-v2,283,100,0.296875,0.28957528957528955,0.27890624999999997,0.274980694980695,0.15,0.14671814671814673,0.11731249999999999,0.11355212355212356,0.278125,0.2702702702702703,0.278125,0.27413127413127414,82,110.46,100,0.20895941411530455,320,259,"{'1': 0.28125, '2': 0.28125, '4': 0.284375, '8': 0.284375, '16': 0.290625, '32': 0.290625, '64': 0.290625, '100': 0.296875}","{'1': 0.125, '2': 0.125, '4': 0.134375, '8': 0.134375, '16': 0.134375, '32': 0.146875, '64': 0.146875, '100': 0.15}",7.9459234196692705
foldbench_monomer,7znz_A,eval-val,fixed-r-v2,761,100,0.06652360515021459,0.008888888888888889,0.06086909871244634,0.003333333333333333,0.022532188841201718,0.0044444444444444444,0.01281115879828326,0.0005333333333333333,0.055793991416309016,0.002962962962962963,0.06759656652360516,0.0044444444444444444,33,220.72,100,0.07139253256573509,932,675,"{'1': 0.05686695278969957, '2': 0.06330472103004292, '4': 0.06330472103004292, '8': 0.06437768240343347, '16': 0.06437768240343347, '32': 0.06545064377682404, '64': 0.06652360515021459, '100': 0.06652360515021459}","{'1': 0.008583690987124463, '2': 0.008583690987124463, '4': 0.015021459227467811, '8': 0.02145922746781116, '16': 0.02145922746781116, '32': 0.022532188841201718, '64': 0.022532188841201718, '100': 0.022532188841201718}",99.00096131488681
foldbench_monomer,7zoi_A,eval-val,fixed-r-v2,151,100,0.2636363636363636,0.15384615384615385,0.2297272727272727,0.131025641025641,0.14545454545454545,0.10256410256410256,0.09881818181818183,0.06384615384615384,0.21818181818181817,0.1282051282051282,0.22727272727272727,0.1282051282051282,14,38.05,100,0.21779033064086273,110,39,"{'1': 0.22727272727272727, '2': 0.22727272727272727, '4': 0.24545454545454545, '8': 0.24545454545454545, '16': 0.2636363636363636, '32': 0.2636363636363636, '64': 0.2636363636363636, '100': 0.2636363636363636}","{'1': 0.09090909090909091, '2': 0.09090909090909091, '4': 0.1, '8': 0.12727272727272726, '16': 0.12727272727272726, '32': 0.14545454545454545, '64': 0.14545454545454545, '100': 0.14545454545454545}",2.161823364906013
foldbench_monomer,7zs2_A,eval-val,fixed-r-v2,316,100,0.26905829596412556,0.2014388489208633,0.2565022421524663,0.17870503597122298,0.12556053811659193,0.06474820143884892,0.09071748878923767,0.037482014388489214,0.2600896860986547,0.16546762589928057,0.2556053811659193,0.17985611510791366,21,63.92,100,0.1804785964784642,223,139,"{'1': 0.2600896860986547, '2': 0.2600896860986547, '4': 0.2645739910313901, '8': 0.2645739910313901, '16': 0.2645739910313901, '32': 0.26905829596412556, '64': 0.26905829596412556, '100': 0.26905829596412556}","{'1': 0.09417040358744394, '2': 0.09417040358744394, '4': 0.09417040358744394, '8': 0.10762331838565023, '16': 0.11659192825112108, '32': 0.11659192825112108, '64': 0.11659192825112108, '100': 0.12556053811659193}",9.940287113189697
foldbench_monomer,7zu3_A,eval-val,fixed-r-v2,132,100,0.2391304347826087,0.09836065573770492,0.226304347826087,0.07131147540983605,0.18478260869565216,0.04918032786885246,0.11532608695652172,0.016721311475409836,0.22826086956521738,0.06557377049180328,0.22826086956521738,0.06557377049180328,70,37.74,100,0.27640252989507247,92,61,"{'1': 0.21739130434782608, '2': 0.22826086956521738, '4': 0.22826086956521738, '8': 0.22826086956521738, '16': 0.22826086956521738, '32': 0.22826086956521738, '64': 0.22826086956521738, '100': 0.2391304347826087}","{'1': 0.09782608695652174, '2': 0.09782608695652174, '4': 0.10869565217391304, '8': 0.14130434782608695, '16': 0.15217391304347827, '32': 0.15217391304347827, '64': 0.16304347826086957, '100': 0.18478260869565216}",1.6935124062001705
foldbench_monomer,7zv1_A,eval-val,fixed-r-v2,136,100,0.1981981981981982,0.0945945945945946,0.18162162162162157,0.0272972972972973,0.14414414414414414,0.013513513513513514,0.09810810810810812,0.0006756756756756757,0.17117117117117117,0.04054054054054054,0.18018018018018017,0.02702702702702703,26,30.03,100,0.26533536955776826,111,74,"{'1': 0.18018018018018017, '2': 0.18018018018018017, '4': 0.18018018018018017, '8': 0.1891891891891892, '16': 0.1891891891891892, '32': 0.1981981981981982, '64': 0.1981981981981982, '100': 0.1981981981981982}","{'1': 0.0990990990990991, '2': 0.10810810810810811, '4': 0.10810810810810811, '8': 0.10810810810810811, '16': 0.13513513513513514, '32': 0.14414414414414414, '64': 0.14414414414414414, '100': 0.14414414414414414}",1.6527081318199635
foldbench_monomer,8adc_A,eval-val,fixed-r-v2,215,100,0.19411764705882353,0.11428571428571428,0.17347058823529413,0.0957142857142857,0.09411764705882353,0.0380952380952381,0.055176470588235285,0.014476190476190474,0.16470588235294117,0.09523809523809523,0.18235294117647058,0.10476190476190476,44,38.61,100,0.21092706745725698,170,105,"{'1': 0.17058823529411765, '2': 0.17058823529411765, '4': 0.17647058823529413, '8': 0.18235294117647058, '16': 0.18235294117647058, '32': 0.18235294117647058, '64': 0.19411764705882353, '100': 0.19411764705882353}","{'1': 0.041176470588235294, '2': 0.052941176470588235, '4': 0.052941176470588235, '8': 0.07058823529411765, '16': 0.07647058823529412, '32': 0.08823529411764706, '64': 0.09411764705882353, '100': 0.09411764705882353}",4.334494723007083
foldbench_monomer,8add_A,eval-val,fixed-r-v2,213,100,0.14285714285714285,0.04861111111111111,0.13257142857142853,0.026597222222222223,0.0380952380952381,0.013888888888888888,0.02295238095238095,0.00048611111111111104,0.14761904761904762,0.013888888888888888,0.13333333333333333,0.034722222222222224,53,14.35,100,0.12918701187526643,210,144,"{'1': 0.12857142857142856, '2': 0.13333333333333333, '4': 0.13333333333333333, '8': 0.1380952380952381, '16': 0.1380952380952381, '32': 0.1380952380952381, '64': 0.14285714285714285, '100': 0.14285714285714285}","{'1': 0.02857142857142857, '2': 0.02857142857142857, '4': 0.03333333333333333, '8': 0.03333333333333333, '16': 0.03333333333333333, '32': 0.03333333333333333, '64': 0.0380952380952381, '100': 0.0380952380952381}",4.276117725297809
foldbench_monomer,8ak2_A,eval-val,fixed-r-v2,297,100,0.08598726114649681,0.08296943231441048,0.07353503184713375,0.049694323144104796,0.025477707006369428,0.004366812227074236,0.012993630573248411,0.00017467248908296942,0.07961783439490445,0.017467248908296942,0.07643312101910828,0.048034934497816595,6,18.59,100,0.11177214616045696,314,229,"{'1': 0.06687898089171974, '2': 0.07643312101910828, '4': 0.07961783439490445, '8': 0.08598726114649681, '16': 0.08598726114649681, '32': 0.08598726114649681, '64': 0.08598726114649681, '100': 0.08598726114649681}","{'1': 0.012738853503184714, '2': 0.012738853503184714, '4': 0.01910828025477707, '8': 0.025477707006369428, '16': 0.025477707006369428, '32': 0.025477707006369428, '64': 0.025477707006369428, '100': 0.025477707006369428}",8.770000119693577
foldbench_monomer,8akh_A,eval-val,fixed-r-v2,374,100,0.11838006230529595,0.06550218340611354,0.09996884735202492,0.04965065502183405,0.028037383177570093,0.004366812227074236,0.013676012461059185,0.00043668122270742354,0.09034267912772585,0.026200873362445413,0.09968847352024922,0.05240174672489083,70,32.62,100,0.11698701230736669,321,229,"{'1': 0.09345794392523364, '2': 0.1059190031152648, '4': 0.1059190031152648, '8': 0.10903426791277258, '16': 0.10903426791277258, '32': 0.10903426791277258, '64': 0.11214953271028037, '100': 0.11838006230529595}","{'1': 0.006230529595015576, '2': 0.006230529595015576, '4': 0.009345794392523364, '8': 0.018691588785046728, '16': 0.018691588785046728, '32': 0.024922118380062305, '64': 0.024922118380062305, '100': 0.028037383177570093}",14.79829677194357
foldbench_monomer,8amo_A,eval-val,fixed-r-v2,399,100,0.1685082872928177,0.08494208494208494,0.1593646408839779,0.07316602316602315,0.055248618784530384,0.023166023166023165,0.03146408839779005,0.011428571428571429,0.15469613259668508,0.05791505791505792,0.1574585635359116,0.07335907335907337,96,48.91,100,0.16668464824885937,362,259,"{'1': 0.16298342541436464, '2': 0.16298342541436464, '4': 0.16298342541436464, '8': 0.16298342541436464, '16': 0.16574585635359115, '32': 0.16574585635359115, '64': 0.16574585635359115, '100': 0.1685082872928177}","{'1': 0.04143646408839779, '2': 0.04419889502762431, '4': 0.04419889502762431, '8': 0.04696132596685083, '16': 0.049723756906077346, '32': 0.049723756906077346, '64': 0.049723756906077346, '100': 0.055248618784530384}",18.042099814862013
foldbench_monomer,8arl_A,eval-val,fixed-r-v2,246,100,0.07692307692307693,0.05504587155963303,0.05846153846153847,0.03311926605504587,0.023076923076923078,0.0,0.011999999999999997,0.0,0.04230769230769231,0.0045871559633027525,0.057692307692307696,0.01834862385321101,82,12.82,100,0.19870948683399073,260,218,"{'1': 0.06153846153846154, '2': 0.06153846153846154, '4': 0.06153846153846154, '8': 0.06538461538461539, '16': 0.06538461538461539, '32': 0.06538461538461539, '64': 0.06538461538461539, '100': 0.07692307692307693}","{'1': 0.011538461538461539, '2': 0.011538461538461539, '4': 0.011538461538461539, '8': 0.015384615384615385, '16': 0.015384615384615385, '32': 0.019230769230769232, '64': 0.019230769230769232, '100': 0.023076923076923078}",5.602750121615827
foldbench_monomer,8au6_A,eval-val,fixed-r-v2,321,100,0.17261904761904762,0.1271186440677966,0.13732142857142857,0.09898305084745761,0.08333333333333333,0.06779661016949153,0.045714285714285714,0.02254237288135593,0.13095238095238096,0.11016949152542373,0.13690476190476192,0.11016949152542373,77,56.33,100,0.16809557621329266,168,118,"{'1': 0.14285714285714285, '2': 0.14285714285714285, '4': 0.1488095238095238, '8': 0.15476190476190477, '16': 0.15476190476190477, '32': 0.15476190476190477, '64': 0.16666666666666666, '100': 0.17261904761904762}","{'1': 0.023809523809523808, '2': 0.03571428571428571, '4': 0.08333333333333333, '8': 0.08333333333333333, '16': 0.08333333333333333, '32': 0.08333333333333333, '64': 0.08333333333333333, '100': 0.08333333333333333}",10.550916317850351
foldbench_monomer,8axj_A,eval-val,fixed-r-v2,162,100,0.4965034965034965,0.3968253968253968,0.47895104895104884,0.3849206349206348,0.3986013986013986,0.3333333333333333,0.3316083916083916,0.2558730158730158,0.4825174825174825,0.38095238095238093,0.4825174825174825,0.38095238095238093,84,100.33,100,0.39595335864512965,143,63,"{'1': 0.4825174825174825, '2': 0.4825174825174825, '4': 0.48951048951048953, '8': 0.48951048951048953, '16': 0.48951048951048953, '32': 0.48951048951048953, '64': 0.48951048951048953, '100': 0.4965034965034965}","{'1': 0.32867132867132864, '2': 0.35664335664335667, '4': 0.36363636363636365, '8': 0.36363636363636365, '16': 0.3916083916083916, '32': 0.3916083916083916, '64': 0.3916083916083916, '100': 0.3986013986013986}",2.4622977916151285
foldbench_monomer,8azb_A,eval-val,fixed-r-v2,521,100,0.17546848381601363,0.09925558312655088,0.15253833049403748,0.08593052109181143,0.06984667802385008,0.03722084367245657,0.052078364565587724,0.0256575682382134,0.141396933560477,0.07444168734491315,0.14991482112436116,0.08436724565756824,60,150.59,100,0.16937306608268496,587,403,"{'1': 0.14991482112436116, '2': 0.14991482112436116, '4': 0.151618398637138, '8': 0.15502555366269166, '16': 0.16013628620102216, '32': 0.16013628620102216, '64': 0.17546848381601363, '100': 0.17546848381601363}","{'1': 0.049403747870528106, '2': 0.049403747870528106, '4': 0.05281090289608177, '8': 0.056218057921635436, '16': 0.06473594548551959, '32': 0.06473594548551959, '64': 0.06814310051107325, '100': 0.06984667802385008}",35.71789771784097
foldbench_monomer,8b2e_A,eval-val,fixed-r-v2,143,100,0.13076923076923078,0.04,0.1196923076923077,0.027066666666666673,0.038461538461538464,0.013333333333333334,0.01723076923076923,0.002,0.09230769230769231,0.02666666666666667,0.11538461538461539,0.02666666666666667,8,11.41,100,0.0885058683713005,130,75,"{'1': 0.11538461538461539, '2': 0.12307692307692308, '4': 0.12307692307692308, '8': 0.12307692307692308, '16': 0.13076923076923078, '32': 0.13076923076923078, '64': 0.13076923076923078, '100': 0.13076923076923078}","{'1': 0.038461538461538464, '2': 0.038461538461538464, '4': 0.038461538461538464, '8': 0.038461538461538464, '16': 0.038461538461538464, '32': 0.038461538461538464, '64': 0.038461538461538464, '100': 0.038461538461538464}",1.9762718444690108
foldbench_monomer,8b2g_A,eval-val,fixed-r-v2,74,100,0.2033898305084746,0.2727272727272727,0.16864406779661018,0.1622727272727273,0.0847457627118644,0.09090909090909091,0.030677966101694914,0.017272727272727276,0.1694915254237288,0.13636363636363635,0.1694915254237288,0.13636363636363635,7,8.02,100,0.05031426348951729,59,22,"{'1': 0.15254237288135594, '2': 0.1694915254237288, '4': 0.1864406779661017, '8': 0.2033898305084746, '16': 0.2033898305084746, '32': 0.2033898305084746, '64': 0.2033898305084746, '100': 0.2033898305084746}","{'1': 0.01694915254237288, '2': 0.01694915254237288, '4': 0.03389830508474576, '8': 0.03389830508474576, '16': 0.06779661016949153, '32': 0.0847457627118644, '64': 0.0847457627118644, '100': 0.0847457627118644}",1.0572898108512163
foldbench_monomer,8b2s_A,eval-val,fixed-r-v2,245,100,0.17204301075268819,0.16666666666666666,0.1585483870967742,0.1463888888888889,0.05913978494623656,0.037037037037037035,0.035967741935483875,0.011388888888888888,0.13978494623655913,0.08333333333333333,0.16129032258064516,0.14814814814814814,3,31.05,100,0.1534326541252896,186,108,"{'1': 0.16129032258064516, '2': 0.16129032258064516, '4': 0.17204301075268819, '8': 0.17204301075268819, '16': 0.17204301075268819, '32': 0.17204301075268819, '64': 0.17204301075268819, '100': 0.17204301075268819}","{'1': 0.043010752688172046, '2': 0.043010752688172046, '4': 0.04838709677419355, '8': 0.053763440860215055, '16': 0.05913978494623656, '32': 0.05913978494623656, '64': 0.05913978494623656, '100': 0.05913978494623656}",5.603700175881386
foldbench_monomer,8b4u_A,eval-val,fixed-r-v2,277,100,0.5311355311355311,0.5050505050505051,0.5156043956043955,0.48545454545454547,0.32234432234432236,0.30303030303030304,0.27131868131868125,0.249040404040404,0.5091575091575091,0.48484848484848486,0.5201465201465202,0.48484848484848486,77,144.96,100,0.2936176118218911,273,198,"{'1': 0.5164835164835165, '2': 0.5164835164835165, '4': 0.5274725274725275, '8': 0.5274725274725275, '16': 0.5274725274725275, '32': 0.5274725274725275, '64': 0.5274725274725275, '100': 0.5311355311355311}","{'1': 0.27472527472527475, '2': 0.27472527472527475, '4': 0.27472527472527475, '8': 0.30036630036630035, '16': 0.30036630036630035, '32': 0.30036630036630035, '64': 0.32234432234432236, '100': 0.32234432234432236}",7.559197870083153
foldbench_monomer,8b5w_A,eval-val,fixed-r-v2,459,100,0.10810810810810811,0.05415162454873646,0.0985135135135135,0.037653429602888096,0.01891891891891892,0.0036101083032490976,0.009513513513513514,0.0004693140794223827,0.07567567567567568,0.021660649819494584,0.10270270270270271,0.036101083032490974,15,35.67,100,0.12518478199024707,370,277,"{'1': 0.0972972972972973, '2': 0.0972972972972973, '4': 0.10270270270270271, '8': 0.10270270270270271, '16': 0.10810810810810811, '32': 0.10810810810810811, '64': 0.10810810810810811, '100': 0.10810810810810811}","{'1': 0.002702702702702703, '2': 0.008108108108108109, '4': 0.016216216216216217, '8': 0.016216216216216217, '16': 0.01891891891891892, '32': 0.01891891891891892, '64': 0.01891891891891892, '100': 0.01891891891891892}",25.322266443632543
foldbench_monomer,8b61_A,eval-val,fixed-r-v2,238,100,0.18867924528301888,0.09302325581395349,0.17636792452830186,0.0650387596899225,0.06132075471698113,0.03875968992248062,0.032547169811320754,0.008372093023255813,0.19339622641509435,0.08527131782945736,0.18396226415094338,0.06201550387596899,12,30.4,100,0.144126719151199,212,129,"{'1': 0.17452830188679244, '2': 0.1792452830188679, '4': 0.1792452830188679, '8': 0.1792452830188679, '16': 0.18867924528301888, '32': 0.18867924528301888, '64': 0.18867924528301888, '100': 0.18867924528301888}","{'1': 0.02830188679245283, '2': 0.02830188679245283, '4': 0.04716981132075472, '8': 0.06132075471698113, '16': 0.06132075471698113, '32': 0.06132075471698113, '64': 0.06132075471698113, '100': 0.06132075471698113}",5.155546626076102
foldbench_monomer,8b6a_A,eval-val,fixed-r-v2,214,100,0.23076923076923078,0.15254237288135594,0.20466666666666666,0.12245762711864407,0.10256410256410256,0.025423728813559324,0.059589743589743574,0.009322033898305085,0.2,0.13559322033898305,0.21025641025641026,0.1271186440677966,5,38.89,100,0.16711342805941123,195,118,"{'1': 0.21025641025641026, '2': 0.21025641025641026, '4': 0.21025641025641026, '8': 0.23076923076923078, '16': 0.23076923076923078, '32': 0.23076923076923078, '64': 0.23076923076923078, '100': 0.23076923076923078}","{'1': 0.046153846153846156, '2': 0.05128205128205128, '4': 0.07179487179487179, '8': 0.07179487179487179, '16': 0.07179487179487179, '32': 0.08717948717948718, '64': 0.10256410256410256, '100': 0.10256410256410256}",4.221681356430054
foldbench_monomer,8b6e_A,eval-val,fixed-r-v2,66,100,0.5454545454545454,0.5263157894736842,0.4825,0.4363157894736841,0.3181818181818182,0.3684210526315789,0.19090909090909094,0.15999999999999998,0.4772727272727273,0.42105263157894735,0.4772727272727273,0.42105263157894735,33,16.51,100,0.22950176881034892,44,19,"{'1': 0.45454545454545453, '2': 0.4772727272727273, '4': 0.4772727272727273, '8': 0.5227272727272727, '16': 0.5227272727272727, '32': 0.5227272727272727, '64': 0.5454545454545454, '100': 0.5454545454545454}","{'1': 0.1590909090909091, '2': 0.2727272727272727, '4': 0.2727272727272727, '8': 0.29545454545454547, '16': 0.29545454545454547, '32': 0.29545454545454547, '64': 0.3181818181818182, '100': 0.3181818181818182}",1.1021746778860688
foldbench_monomer,8baq_A,eval-val,fixed-r-v2,208,100,0.06842105263157895,0.0364963503649635,0.04078947368421053,0.022773722627737226,0.02631578947368421,0.0072992700729927005,0.012000000000000002,0.001021897810218978,0.04736842105263158,0.021897810218978103,0.03684210526315789,0.029197080291970802,64,34.86,100,0.17551850327561003,190,137,"{'1': 0.05263157894736842, '2': 0.05263157894736842, '4': 0.05263157894736842, '8': 0.05263157894736842, '16': 0.05263157894736842, '32': 0.05263157894736842, '64': 0.05789473684210526, '100': 0.06842105263157895}","{'1': 0.005263157894736842, '2': 0.005263157894736842, '4': 0.015789473684210527, '8': 0.021052631578947368, '16': 0.021052631578947368, '32': 0.021052631578947368, '64': 0.021052631578947368, '100': 0.02631578947368421}",3.6830949410796165
foldbench_monomer,8bau_A,eval-val,fixed-r-v2,189,100,0.12440191387559808,0.0425531914893617,0.10913875598086122,0.022198581560283693,0.04784688995215311,0.0070921985815602835,0.028947368421052628,0.0004964539007092198,0.12440191387559808,0.028368794326241134,0.11961722488038277,0.028368794326241134,36,32.22,100,0.18881711833975529,209,141,"{'1': 0.10526315789473684, '2': 0.11004784688995216, '4': 0.11004784688995216, '8': 0.11483253588516747, '16': 0.11961722488038277, '32': 0.11961722488038277, '64': 0.12440191387559808, '100': 0.12440191387559808}","{'1': 0.03827751196172249, '2': 0.03827751196172249, '4': 0.03827751196172249, '8': 0.0430622009569378, '16': 0.0430622009569378, '32': 0.0430622009569378, '64': 0.04784688995215311, '100': 0.04784688995215311}",3.2479801904410124
foldbench_monomer,8bfy_A,eval-val,fixed-r-v2,426,100,0.1977715877437326,0.16165413533834586,0.18545961002785513,0.14872180451127817,0.07520891364902507,0.06390977443609022,0.05161559888579388,0.03349624060150376,0.17827298050139276,0.15037593984962405,0.18662952646239556,0.15037593984962405,3,78.31,100,0.1496285151348799,359,266,"{'1': 0.181058495821727, '2': 0.18662952646239556, '4': 0.1977715877437326, '8': 0.1977715877437326, '16': 0.1977715877437326, '32': 0.1977715877437326, '64': 0.1977715877437326, '100': 0.1977715877437326}","{'1': 0.07520891364902507, '2': 0.07520891364902507, '4': 0.07520891364902507, '8': 0.07520891364902507, '16': 0.07520891364902507, '32': 0.07520891364902507, '64': 0.07520891364902507, '100': 0.07520891364902507}",20.726154087111354
foldbench_monomer,8bgb_A,eval-val,fixed-r-v2,131,100,0.26732673267326734,0.3103448275862069,0.2446534653465347,0.268448275862069,0.12871287128712872,0.1206896551724138,0.08524752475247524,0.05913793103448275,0.22772277227722773,0.27586206896551724,0.24752475247524752,0.2413793103448276,16,28.99,100,0.19633945639787306,101,58,"{'1': 0.25742574257425743, '2': 0.25742574257425743, '4': 0.25742574257425743, '8': 0.25742574257425743, '16': 0.25742574257425743, '32': 0.26732673267326734, '64': 0.26732673267326734, '100': 0.26732673267326734}","{'1': 0.0594059405940594, '2': 0.06930693069306931, '4': 0.10891089108910891, '8': 0.10891089108910891, '16': 0.10891089108910891, '32': 0.12871287128712872, '64': 0.12871287128712872, '100': 0.12871287128712872}",1.7252613874152303
foldbench_monomer,8bke_A,eval-val,fixed-r-v2,638,100,0.4089068825910931,0.3951367781155015,0.3971457489878542,0.38294832826747716,0.23279352226720648,0.24012158054711247,0.18532388663967614,0.186838905775076,0.3967611336032389,0.39209726443769,0.39878542510121456,0.3890577507598784,2,327.79,100,0.19263814595821482,494,329,"{'1': 0.39271255060728744, '2': 0.39878542510121456, '4': 0.4089068825910931, '8': 0.4089068825910931, '16': 0.4089068825910931, '32': 0.4089068825910931, '64': 0.4089068825910931, '100': 0.4089068825910931}","{'1': 0.20647773279352227, '2': 0.20647773279352227, '4': 0.20647773279352227, '8': 0.20647773279352227, '16': 0.20647773279352227, '32': 0.20647773279352227, '64': 0.23279352226720648, '100': 0.23279352226720648}",59.51596779935062
foldbench_monomer,8bsb_A,eval-val,fixed-r-v2,177,100,0.6086956521739131,0.6063829787234043,0.5812173913043479,0.5828723404255318,0.46956521739130436,0.4787234042553192,0.37173913043478257,0.36946808510638296,0.5826086956521739,0.574468085106383,0.5739130434782609,0.5851063829787234,5,72.95,100,0.37372460297631965,115,94,"{'1': 0.6, '2': 0.6, '4': 0.6, '8': 0.6086956521739131, '16': 0.6086956521739131, '32': 0.6086956521739131, '64': 0.6086956521739131, '100': 0.6086956521739131}","{'1': 0.3565217391304348, '2': 0.3565217391304348, '4': 0.3826086956521739, '8': 0.4434782608695652, '16': 0.4434782608695652, '32': 0.4434782608695652, '64': 0.4434782608695652, '100': 0.46956521739130436}",2.8257891004905105
foldbench_monomer,8bux_A,eval-val,fixed-r-v2,334,100,0.09166666666666666,0.062146892655367235,0.068,0.032937853107344636,0.025,0.0,0.008624999999999999,0.0,0.04583333333333333,0.0,0.075,0.022598870056497175,93,16.46,100,0.09695676035531987,240,177,"{'1': 0.06666666666666667, '2': 0.06666666666666667, '4': 0.075, '8': 0.075, '16': 0.07916666666666666, '32': 0.0875, '64': 0.0875, '100': 0.09166666666666666}","{'1': 0.0125, '2': 0.016666666666666666, '4': 0.016666666666666666, '8': 0.016666666666666666, '16': 0.016666666666666666, '32': 0.025, '64': 0.025, '100': 0.025}",11.51867615710944
foldbench_monomer,8c4d_A,eval-val,fixed-r-v2,330,100,0.09606986899563319,0.045714285714285714,0.0785589519650655,0.024685714285714283,0.021834061135371178,0.005714285714285714,0.0088646288209607,5.714285714285714e-05,0.07860262008733625,0.017142857142857144,0.08296943231441048,0.02857142857142857,96,77.73,100,0.23746915905334207,229,175,"{'1': 0.07860262008733625, '2': 0.07860262008733625, '4': 0.07860262008733625, '8': 0.08733624454148471, '16': 0.09170305676855896, '32': 0.09170305676855896, '64': 0.09170305676855896, '100': 0.09606986899563319}","{'1': 0.008733624454148471, '2': 0.008733624454148471, '4': 0.021834061135371178, '8': 0.021834061135371178, '16': 0.021834061135371178, '32': 0.021834061135371178, '64': 0.021834061135371178, '100': 0.021834061135371178}",11.004126382991672
foldbench_monomer,8c4y_A,eval-val,fixed-r-v2,314,100,0.2359249329758713,0.2328767123287671,0.22613941018766753,0.22054794520547946,0.08847184986595175,0.0821917808219178,0.06487935656836462,0.05722602739726028,0.21983914209115282,0.2226027397260274,0.22788203753351208,0.22602739726027396,24,59.55,100,0.21183726084933788,373,292,"{'1': 0.22788203753351208, '2': 0.22788203753351208, '4': 0.22788203753351208, '8': 0.23056300268096513, '16': 0.23056300268096513, '32': 0.2359249329758713, '64': 0.2359249329758713, '100': 0.2359249329758713}","{'1': 0.06166219839142091, '2': 0.06702412868632708, '4': 0.06970509383378017, '8': 0.0777479892761394, '16': 0.08042895442359249, '32': 0.08042895442359249, '64': 0.08847184986595175, '100': 0.08847184986595175}",9.856087149120867
foldbench_monomer,8cba_A,eval-val,fixed-r-v2,214,100,0.1469387755102041,0.058823529411764705,0.1323673469387755,0.031307189542483654,0.053061224489795916,0.013071895424836602,0.030489795918367348,0.00032679738562091506,0.12653061224489795,0.026143790849673203,0.1346938775510204,0.032679738562091505,61,28.6,100,0.18033571564828169,245,153,"{'1': 0.1346938775510204, '2': 0.1346938775510204, '4': 0.1346938775510204, '8': 0.1346938775510204, '16': 0.14285714285714285, '32': 0.14285714285714285, '64': 0.1469387755102041, '100': 0.1469387755102041}","{'1': 0.0326530612244898, '2': 0.0326530612244898, '4': 0.04081632653061224, '8': 0.04081632653061224, '16': 0.053061224489795916, '32': 0.053061224489795916, '64': 0.053061224489795916, '100': 0.053061224489795916}",4.21674719452858
foldbench_monomer,8ci9_A,eval-val,fixed-r-v2,312,100,0.13056379821958458,0.058365758754863814,0.1167359050445104,0.04241245136186769,0.032640949554896145,0.011673151750972763,0.01863501483679525,0.0037354085603112843,0.09792284866468842,0.03501945525291829,0.11869436201780416,0.05058365758754864,95,24.0,100,0.1085404894897071,337,257,"{'1': 0.12166172106824925, '2': 0.12166172106824925, '4': 0.12166172106824925, '8': 0.12166172106824925, '16': 0.12759643916913946, '32': 0.12759643916913946, '64': 0.12759643916913946, '100': 0.13056379821958458}","{'1': 0.020771513353115726, '2': 0.020771513353115726, '4': 0.020771513353115726, '8': 0.02373887240356083, '16': 0.02373887240356083, '32': 0.026706231454005934, '64': 0.032640949554896145, '100': 0.032640949554896145}",8.439740697853267
foldbench_monomer,8cih_A,eval-val,fixed-r-v2,214,100,0.3670886075949367,0.366412213740458,0.35348101265822784,0.35122137404580145,0.18354430379746836,0.19083969465648856,0.140126582278481,0.14778625954198474,0.35443037974683544,0.3511450381679389,0.35443037974683544,0.3511450381679389,15,48.57,100,0.2643876565828793,158,131,"{'1': 0.35443037974683544, '2': 0.35443037974683544, '4': 0.35443037974683544, '8': 0.36075949367088606, '16': 0.3670886075949367, '32': 0.3670886075949367, '64': 0.3670886075949367, '100': 0.3670886075949367}","{'1': 0.10759493670886076, '2': 0.12025316455696203, '4': 0.14556962025316456, '8': 0.14556962025316456, '16': 0.17721518987341772, '32': 0.18354430379746836, '64': 0.18354430379746836, '100': 0.18354430379746836}",4.212756562978029
foldbench_monomer,8cpk_A,eval-val,fixed-r-v2,384,100,0.33994334277620397,0.3828125,0.32824362606232294,0.3719921875,0.23229461756373937,0.234375,0.19209631728045326,0.195546875,0.32011331444759206,0.3828125,0.3286118980169972,0.37890625,6,204.81,100,0.30564153993332177,353,256,"{'1': 0.3371104815864023, '2': 0.3371104815864023, '4': 0.3371104815864023, '8': 0.33994334277620397, '16': 0.33994334277620397, '32': 0.33994334277620397, '64': 0.33994334277620397, '100': 0.33994334277620397}","{'1': 0.17563739376770537, '2': 0.19830028328611898, '4': 0.21246458923512748, '8': 0.23229461756373937, '16': 0.23229461756373937, '32': 0.23229461756373937, '64': 0.23229461756373937, '100': 0.23229461756373937}",13.505871838890016
foldbench_monomer,8cpn_A,eval-val,fixed-r-v2,207,100,0.24404761904761904,0.14545454545454545,0.19464285714285712,0.10254545454545455,0.09523809523809523,0.02727272727272727,0.05523809523809524,0.007181818181818182,0.19047619047619047,0.07272727272727272,0.19642857142857142,0.12727272727272726,38,47.79,100,0.2249438432450588,168,110,"{'1': 0.19642857142857142, '2': 0.22023809523809523, '4': 0.22023809523809523, '8': 0.22023809523809523, '16': 0.23809523809523808, '32': 0.23809523809523808, '64': 0.24404761904761904, '100': 0.24404761904761904}","{'1': 0.05952380952380952, '2': 0.06547619047619048, '4': 0.06547619047619048, '8': 0.07738095238095238, '16': 0.07738095238095238, '32': 0.07738095238095238, '64': 0.07738095238095238, '100': 0.09523809523809523}",3.9707149667665362
foldbench_monomer,8d2z_A,eval-val,fixed-r-v2,327,100,0.2532051282051282,0.20853080568720378,0.2389423076923077,0.19170616113744077,0.11858974358974358,0.07582938388625593,0.09044871794871794,0.049526066350710905,0.23076923076923078,0.20853080568720378,0.24358974358974358,0.1943127962085308,36,98.86,100,0.19020525565261995,312,211,"{'1': 0.2403846153846154, '2': 0.2403846153846154, '4': 0.2403846153846154, '8': 0.24358974358974358, '16': 0.2467948717948718, '32': 0.25, '64': 0.2532051282051282, '100': 0.2532051282051282}","{'1': 0.08653846153846154, '2': 0.09294871794871795, '4': 0.09294871794871795, '8': 0.09294871794871795, '16': 0.10576923076923077, '32': 0.10897435897435898, '64': 0.10897435897435898, '100': 0.11858974358974358}",11.147218233905733
foldbench_monomer,8daj_A,eval-val,fixed-r-v2,302,100,0.4280936454849498,0.3953488372093023,0.41170568561872906,0.37409302325581395,0.22742474916387959,0.20465116279069767,0.18789297658862883,0.1588372093023256,0.4280936454849498,0.39069767441860465,0.41471571906354515,0.3767441860465116,62,118.96,100,0.2456668521961528,299,215,"{'1': 0.4080267558528428, '2': 0.411371237458194, '4': 0.41471571906354515, '8': 0.42474916387959866, '16': 0.42474916387959866, '32': 0.42474916387959866, '64': 0.4280936454849498, '100': 0.4280936454849498}","{'1': 0.17391304347826086, '2': 0.2040133779264214, '4': 0.2040133779264214, '8': 0.22073578595317725, '16': 0.22073578595317725, '32': 0.22073578595317725, '64': 0.22742474916387959, '100': 0.22742474916387959}",9.082929003983736
foldbench_monomer,8dez_A,eval-val,fixed-r-v2,173,100,0.19230769230769232,0.1702127659574468,0.1791758241758242,0.15453900709219856,0.10989010989010989,0.09219858156028368,0.06747252747252747,0.05276595744680851,0.1813186813186813,0.14184397163120568,0.17582417582417584,0.14893617021276595,2,43.73,100,0.20140988131242984,182,141,"{'1': 0.17032967032967034, '2': 0.1813186813186813, '4': 0.19230769230769232, '8': 0.19230769230769232, '16': 0.19230769230769232, '32': 0.19230769230769232, '64': 0.19230769230769232, '100': 0.19230769230769232}","{'1': 0.06593406593406594, '2': 0.06593406593406594, '4': 0.07142857142857142, '8': 0.09340659340659341, '16': 0.09340659340659341, '32': 0.09340659340659341, '64': 0.0989010989010989, '100': 0.10989010989010989}",2.755482046864927
foldbench_monomer,8dge_A,eval-val,fixed-r-v2,738,100,0.12800875273522977,0.10371517027863777,0.1199562363238512,0.09496904024767802,0.045951859956236324,0.043343653250773995,0.03189277899343545,0.027461300309597522,0.11269146608315099,0.0913312693498452,0.1301969365426696,0.1021671826625387,88,297.3,100,0.0816360505095788,914,646,"{'1': 0.11487964989059081, '2': 0.11816192560175055, '4': 0.11816192560175055, '8': 0.12472647702407003, '16': 0.12582056892778992, '32': 0.12691466083150985, '64': 0.12691466083150985, '100': 0.12800875273522977}","{'1': 0.03172866520787746, '2': 0.0350109409190372, '4': 0.0350109409190372, '8': 0.0350109409190372, '16': 0.04157549234135667, '32': 0.04157549234135667, '64': 0.045951859956236324, '100': 0.045951859956236324}",89.58360375557095
foldbench_monomer,8dhj_A,eval-val,fixed-r-v2,249,100,0.10112359550561797,0.075,0.09123595505617978,0.057800000000000004,0.033707865168539325,0.005,0.01561797752808989,0.0004,0.0898876404494382,0.015,0.09363295880149813,0.055,0,31.78,100,0.18853418857009063,267,200,"{'1': 0.10112359550561797, '2': 0.10112359550561797, '4': 0.10112359550561797, '8': 0.10112359550561797, '16': 0.10112359550561797, '32': 0.10112359550561797, '64': 0.10112359550561797, '100': 0.10112359550561797}","{'1': 0.0149812734082397, '2': 0.0149812734082397, '4': 0.0149812734082397, '8': 0.0149812734082397, '16': 0.026217228464419477, '32': 0.0299625468164794, '64': 0.033707865168539325, '100': 0.033707865168539325}",5.8359255734831095
foldbench_monomer,8dmu_A,eval-val,fixed-r-v2,489,100,0.09632224168126094,0.07177033492822966,0.08772329246935201,0.06002392344497608,0.028021015761821366,0.0215311004784689,0.013905429071803855,0.010239234449760763,0.07880910683012259,0.0430622009569378,0.08056042031523643,0.05502392344497608,18,79.17,100,0.09755631393902973,571,418,"{'1': 0.08581436077057793, '2': 0.0893169877408056, '4': 0.0893169877408056, '8': 0.09106830122591944, '16': 0.09457092819614711, '32': 0.09632224168126094, '64': 0.09632224168126094, '100': 0.09632224168126094}","{'1': 0.012259194395796848, '2': 0.014010507880910683, '4': 0.014010507880910683, '8': 0.021015761821366025, '16': 0.028021015761821366, '32': 0.028021015761821366, '64': 0.028021015761821366, '100': 0.028021015761821366}",29.75091361347586
foldbench_monomer,8dp9_A,eval-val,fixed-r-v2,148,100,0.136986301369863,0.07207207207207207,0.10335616438356166,0.04288288288288288,0.03424657534246575,0.02702702702702703,0.014726027397260276,0.0050450450450450456,0.08904109589041095,0.02702702702702703,0.0958904109589041,0.02702702702702703,84,13.02,100,0.09914155224749004,146,111,"{'1': 0.10273972602739725, '2': 0.10273972602739725, '4': 0.10273972602739725, '8': 0.1095890410958904, '16': 0.11643835616438356, '32': 0.11643835616438356, '64': 0.1232876712328767, '100': 0.136986301369863}","{'1': 0.02054794520547945, '2': 0.02054794520547945, '4': 0.0273972602739726, '8': 0.0273972602739726, '16': 0.0273972602739726, '32': 0.03424657534246575, '64': 0.03424657534246575, '100': 0.03424657534246575}",2.0898021198809147
foldbench_monomer,8dqd_A,eval-val,fixed-r-v2,377,100,0.6025316455696202,0.5905797101449275,0.5818987341772152,0.5663768115942028,0.389873417721519,0.37318840579710144,0.34812658227848103,0.3323550724637682,0.589873417721519,0.5688405797101449,0.5848101265822785,0.572463768115942,0,251.9,100,0.3308533279580517,395,276,"{'1': 0.6025316455696202, '2': 0.6025316455696202, '4': 0.6025316455696202, '8': 0.6025316455696202, '16': 0.6025316455696202, '32': 0.6025316455696202, '64': 0.6025316455696202, '100': 0.6025316455696202}","{'1': 0.3341772151898734, '2': 0.3341772151898734, '4': 0.35443037974683544, '8': 0.36455696202531646, '16': 0.3721518987341772, '32': 0.3721518987341772, '64': 0.389873417721519, '100': 0.389873417721519}",15.232990665361285
foldbench_monomer,8dx0_A,eval-val,fixed-r-v2,154,100,0.43703703703703706,0.43010752688172044,0.41059259259259256,0.3868817204301076,0.2518518518518518,0.24731182795698925,0.19777777777777777,0.1538709677419355,0.4074074074074074,0.40860215053763443,0.4148148148148148,0.3870967741935484,10,58.01,100,0.2840031201572275,135,93,"{'1': 0.4222222222222222, '2': 0.4222222222222222, '4': 0.4222222222222222, '8': 0.42962962962962964, '16': 0.43703703703703706, '32': 0.43703703703703706, '64': 0.43703703703703706, '100': 0.43703703703703706}","{'1': 0.21481481481481482, '2': 0.21481481481481482, '4': 0.21481481481481482, '8': 0.23703703703703705, '16': 0.23703703703703705, '32': 0.2518518518518518, '64': 0.2518518518518518, '100': 0.2518518518518518}",2.2289804480969906
foldbench_monomer,8e0r_A,eval-val,fixed-r-v2,468,100,0.13709677419354838,0.06501547987616099,0.12778225806451612,0.04969040247678017,0.02217741935483871,0.009287925696594427,0.01346774193548387,0.002198142414860681,0.0907258064516129,0.02786377708978328,0.12701612903225806,0.05263157894736842,7,38.75,100,0.08414938478260794,496,323,"{'1': 0.12903225806451613, '2': 0.12903225806451613, '4': 0.12903225806451613, '8': 0.13709677419354838, '16': 0.13709677419354838, '32': 0.13709677419354838, '64': 0.13709677419354838, '100': 0.13709677419354838}","{'1': 0.018145161290322582, '2': 0.018145161290322582, '4': 0.018145161290322582, '8': 0.018145161290322582, '16': 0.020161290322580645, '32': 0.02217741935483871, '64': 0.02217741935483871, '100': 0.02217741935483871}",26.604093882255256
foldbench_monomer,8e5h_A,eval-val,fixed-r-v2,372,100,0.3023255813953488,0.3073770491803279,0.28752906976744186,0.29028688524590157,0.14825581395348839,0.1762295081967213,0.11369186046511627,0.12331967213114757,0.29069767441860467,0.30327868852459017,0.29069767441860467,0.28688524590163933,18,114.12,100,0.18373127869713396,344,244,"{'1': 0.28488372093023256, '2': 0.2936046511627907, '4': 0.29941860465116277, '8': 0.29941860465116277, '16': 0.29941860465116277, '32': 0.3023255813953488, '64': 0.3023255813953488, '100': 0.3023255813953488}","{'1': 0.0872093023255814, '2': 0.10465116279069768, '4': 0.10465116279069768, '8': 0.1308139534883721, '16': 0.14534883720930233, '32': 0.14534883720930233, '64': 0.14825581395348839, '100': 0.14825581395348839}",14.763262314721942
foldbench_monomer,8eb9_A,eval-val,fixed-r-v2,95,100,0.36619718309859156,0.3611111111111111,0.2930985915492958,0.29083333333333333,0.08450704225352113,0.1111111111111111,0.026901408450704226,0.030000000000000006,0.2676056338028169,0.25,0.29577464788732394,0.2777777777777778,21,4.81,100,0.05289418646785661,71,36,"{'1': 0.29577464788732394, '2': 0.29577464788732394, '4': 0.29577464788732394, '8': 0.30985915492957744, '16': 0.30985915492957744, '32': 0.36619718309859156, '64': 0.36619718309859156, '100': 0.36619718309859156}","{'1': 0.028169014084507043, '2': 0.028169014084507043, '4': 0.056338028169014086, '8': 0.056338028169014086, '16': 0.056338028169014086, '32': 0.056338028169014086, '64': 0.08450704225352113, '100': 0.08450704225352113}",1.179858012124896
foldbench_monomer,8ec3_A,eval-val,fixed-r-v2,168,100,0.11904761904761904,0.1565217391304348,0.07960317460317459,0.096,0.05555555555555555,0.05217391304347826,0.012063492063492063,0.012869565217391304,0.0873015873015873,0.09565217391304348,0.09523809523809523,0.10434782608695652,40,30.01,100,0.2569904959683028,126,115,"{'1': 0.0873015873015873, '2': 0.0873015873015873, '4': 0.0873015873015873, '8': 0.10317460317460317, '16': 0.10317460317460317, '32': 0.10317460317460317, '64': 0.11904761904761904, '100': 0.11904761904761904}","{'1': 0.023809523809523808, '2': 0.023809523809523808, '4': 0.031746031746031744, '8': 0.03968253968253968, '16': 0.03968253968253968, '32': 0.03968253968253968, '64': 0.05555555555555555, '100': 0.05555555555555555}",2.338225615210831
foldbench_monomer,8eo5_A,eval-val,fixed-r-v2,290,100,0.22529644268774704,0.17964071856287425,0.20383399209486172,0.16365269461077844,0.09486166007905138,0.08383233532934131,0.06292490118577074,0.05167664670658684,0.20948616600790515,0.17365269461077845,0.20553359683794467,0.16167664670658682,33,47.24,100,0.15925041069577084,253,167,"{'1': 0.19367588932806323, '2': 0.20948616600790515, '4': 0.20948616600790515, '8': 0.20948616600790515, '16': 0.2134387351778656, '32': 0.21739130434782608, '64': 0.22529644268774704, '100': 0.22529644268774704}","{'1': 0.06719367588932806, '2': 0.07905138339920949, '4': 0.07905138339920949, '8': 0.07905138339920949, '16': 0.08300395256916997, '32': 0.09486166007905138, '64': 0.09486166007905138, '100': 0.09486166007905138}",8.34516578912735
foldbench_monomer,8gmy_A,eval-val,fixed-r-v2,236,100,0.2795275590551181,0.25,0.27051181102362204,0.24261904761904762,0.17716535433070865,0.16071428571428573,0.13940944881889764,0.11880952380952381,0.25984251968503935,0.23214285714285715,0.27165354330708663,0.24404761904761904,21,116.56,100,0.34202422669843907,254,168,"{'1': 0.27165354330708663, '2': 0.27165354330708663, '4': 0.2755905511811024, '8': 0.2755905511811024, '16': 0.2755905511811024, '32': 0.2795275590551181, '64': 0.2795275590551181, '100': 0.2795275590551181}","{'1': 0.16141732283464566, '2': 0.16141732283464566, '4': 0.16141732283464566, '8': 0.16141732283464566, '16': 0.16535433070866143, '32': 0.17716535433070865, '64': 0.17716535433070865, '100': 0.17716535433070865}",5.137502748519182
foldbench_monomer,8q8i_A,eval-val,fixed-r-v2,282,100,0.31648936170212766,0.29133858267716534,0.30672872340425533,0.28003937007874014,0.12234042553191489,0.10236220472440945,0.09986702127659576,0.06889763779527558,0.2978723404255319,0.2795275590551181,0.31117021276595747,0.2795275590551181,22,106.46,100,0.20708539880359303,376,254,"{'1': 0.30851063829787234, '2': 0.30851063829787234, '4': 0.31117021276595747, '8': 0.31117021276595747, '16': 0.31117021276595747, '32': 0.31648936170212766, '64': 0.31648936170212766, '100': 0.31648936170212766}","{'1': 0.10372340425531915, '2': 0.10638297872340426, '4': 0.10904255319148937, '8': 0.11170212765957446, '16': 0.11170212765957446, '32': 0.12234042553191489, '64': 0.12234042553191489, '100': 0.12234042553191489}",7.815354881808162
foldbench_monomer,8ycm_A,eval-val,fixed-r-v2,229,100,0.1836734693877551,0.1484375,0.16316326530612243,0.12890625,0.08673469387755102,0.0390625,0.05362244897959183,0.019765625,0.15816326530612246,0.125,0.16326530612244897,0.1328125,28,34.46,100,0.17212603041927466,196,128,"{'1': 0.16326530612244897, '2': 0.1683673469387755, '4': 0.17857142857142858, '8': 0.17857142857142858, '16': 0.17857142857142858, '32': 0.1836734693877551, '64': 0.1836734693877551, '100': 0.1836734693877551}","{'1': 0.05102040816326531, '2': 0.05102040816326531, '4': 0.08163265306122448, '8': 0.08163265306122448, '16': 0.08163265306122448, '32': 0.08163265306122448, '64': 0.08163265306122448, '100': 0.08673469387755102}",4.8674422930926085
